localidad,mesa,tipo,numero,direccion
3 DE FEBRERO,M1,Sede,,"Andrés Ferreyra 2608 1 B, Caseros"
3 DE FEBRERO,M2,Sede,,"Andrés Ferreyra 2608 1 B, Caseros"
3 DE FEBRERO,M3,MS,29,Crotto y Juan Pablo II S/N
3 DE FEBRERO,M4,PP,21,Las Malvinas 7216
3 DE FEBRERO,M5,MS,2,Matienzo 2430
3 DE FEBRERO,M6,MT,1,Nicaragua 3516
3 DE FEBRERO,M7,MS,6,Reverenda Madre Isabel Fernández 1347
3 DE FEBRERO,M8,MS,33,Gaucho Cruz 5644
3 DE FEBRERO,M9,DF,404,Esquiú 5441
3 DE FEBRERO,M10,PP,42,Gral. Pico 10511
3 DE FEBRERO,M11,MS,8,Lisandro de la Torre 2545
3 DE FEBRERO,M12,MS,22,Escultor Parodi 5517
3 DE FEBRERO,M13,MS,1,W. de Tata 4930
3 DE FEBRERO,M14,PP,48,Volcán Domuyo 4514
3 DE FEBRERO,M15,MS,5,José Ingenieros 1605
3 DE FEBRERO,M16,MT,4,Ricchieri y Necochea S/N
3 DE FEBRERO,M17,MS,21,Av. Bernabé Márquez 2521
3 DE FEBRERO,M18,PP,29,Padre Elizalde 102
3 DE FEBRERO,M19,MS,4,Tres Lomas 514
3 DE FEBRERO,M20,PP,34,Av. Churruca 9711
9 DE JULIO,M1,Sede,,Santa Fe 488
9 DE JULIO,M2,MT,2,Tomás Cosentino 582
9 DE JULIO,M3,MS,7,Av. Cardenal Pironio 1528
9 DE JULIO,M4,MS,8,Mariano Moreno y Rafael Obligado 1838
9 DE JULIO,M5,AE,1,Salta 833
9 DE JULIO,M6,Sede,,Santa Fe 488
25 DE MAYO,M1,Sede,,Calle 15 N 683
25 DE MAYO,M2,MT,1,Calle 18 N 1648
25 DE MAYO,M3,Sede,,Calle 15 N 683
25 DE MAYO,M4,PP,1,Calle 27 N 866
25 DE MAYO,M5,MS,7,Calle 29 N 1151
25 DE MAYO,M6,PP,20,Lugones 220
25 DE MAYO,M7,PP,21,Av. Jorge Keen esq. Belgrano S/N
25 DE MAYO,M8,PP,31,Calle 7 y 14 S/N
25 DE MAYO,M9,MS,4,Calle 4 e/Av. Valdés y Calle 1 S/N
ADOLFO ALSINA,M1,Sede,,"Roque Sáenz Peña 784, Carhué"
ADOLFO ALSINA,M2,Sede,,"Roque Sáenz Peña 784, Carhué"
ADOLFO ALSINA,M3,MS,5,Pellegrini 1076
ADOLFO ALSINA,M4,MS,2,San Martín y Echeverría S/N
ADOLFO ALSINA,M5,JI,901,Sarmiento y Roque Sáenz Peña S/N
ADOLFO ALSINA,M6,MA,1,Sección Quintas S/N
ADOLFO ALSINA,M7,MS,3,Los Colonizadores 244
ADOLFO ALSINA,M8,MS,4,Sarmiento 156
ADOLFO ALSINA,M9,PP,18,Av. 9 de Julio S/N
ADOLFO GONZALES CHAVES,M1,Sede,,Ana Pasias De Eliçagaray 26
ADOLFO GONZALES CHAVES,M2,Sede,,Ana Pasias De Eliçagaray 26
ALBERTI,M1,Sede,,10 de Junio 152
ALBERTI,M2,PP,15,Galardo y Av. José Hernández S/N
ALBERTI,M3,MS,1,Suipacha 163
ALBERTI,M4,Sede,,10 de Junio 1522
ALTE. BROWN,M1,Sede,,"Ferrari 512, Adrogué"
ALTE. BROWN,M2,Sede,,"Ferrari 512, Adrogué"
ALTE. BROWN,M3,Sede,,"Ferrari 512, Adrogué"
ALTE. BROWN,M4,Sede,,"Ferrari 512, Adrogué"
ALTE. BROWN,M5,PP,1,Plaza Brown 80
ALTE. BROWN,M6,PP,6,Seguí y Cordero S/N
ALTE. BROWN,M7,PP,7,Ferré 479
ALTE. BROWN,M8,MS,57,Lahille 388
ALTE. BROWN,M9,PP,9,Burgwardt 1015
ALTE. BROWN,M10,MT,3,Av. 17 de Octubre 650
ALTE. BROWN,M11,MS,11,Av. Espora y E. Adrogué S/N
ALTE. BROWN,M12,PP,62,Di Carlo y Buenos Aires S/N
ALTE. BROWN,M13,MS,30,Río Limay 1062
ALTE. BROWN,M14,PP,14,Bynnon 3781
ALTE. BROWN,M15,PP,83,Virrey Ceballos y Pedro de Irigoyen
ALTE. BROWN,M16,PP,16,Bynnon 1455
ALTE. BROWN,M17,PP,17,Pedro Echague 347
ALTE. BROWN,M18,PP,18,La Pampa e/ Alvear y Vertiz 755
ALTE. BROWN,M19,SC,1,Alsina y El Chiripa 2184
ALTE. BROWN,M20,PP,20,S. Pablo e/ Vidal y Juan XXIII 1235
ALTE. BROWN,M21,PP,21,Bolívar 2150
ALTE. BROWN,M22,MS,9,Sarmiento e/ Azopardo y D. Rocha 2189
ALTE. BROWN,M23,PP,23,Aguirre e/ Storni y V. De La Vega 23
ALTE. BROWN,M24,PP,24,Campbell y Beiró S/N
ALTE. BROWN,M25,PP,25,Arturo Illia y Capilla Del Señor 2198
ALTE. BROWN,M26,MS,16,Teodoro Fels 2060
ALTE. BROWN,M27,EE,508,Pte. Perón 816
ALTE. BROWN,M28,MS,80,Buenos Aires 1375
ALTE. BROWN,M29,PP,29,Nardo e/ Clavel y Camelia 6406
ALTE. BROWN,M30,PP,30,Bunge e/ Hidalgo e Iraola 3402
ALTE. BROWN,M31,PP,31,Gral. Calderón 295
ALTE. BROWN,M32,PP,32,Catamarca 2310
ALTE. BROWN,M33,EE,503,Guido Spano e/ Almafuerte y Lamberti 260
ALTE. BROWN,M34,PP,64,Laprida 337
ALTE. BROWN,M35,MS,2,Carlos Pellegrini 497
ALTE. BROWN,M36,PP,36,Chile e/ Belgrano y El Chajá 6435
ALTE. BROWN,M37,PP,77,Monte Santiago y Castillo 636
ALTE. BROWN,M38,PP,38,Salaberry y Charcas S/N
ALTE. BROWN,M39,PP,39,Guido y Pintos S/N
ALTE. BROWN,M40,PP,40,Andrade 2754
ALTE. BROWN,M41,PP,41,Calle 26 Mz. 21 S/N (Río Tupungato e/ Río Segundo y Diamante)
ALTE. BROWN,M42,EL,2,Monroe 1052 e/ Edison y Franklin
ALTE. BROWN,M43,EE,510,Castillo 2188
ALTE. BROWN,M44,PP,44,Azopardo y Balboa S/N
ALTE. BROWN,M45,PP,54,Colón e/ González y Margan 3382
ALTE. BROWN,M46,EE,506,Santiago del Estero y Piedrabuena 985
ALTE. BROWN,M47,MS,1,Sánchez e/ Sáenz Peña e Irigoyen 2350
ALTE. BROWN,M48,PP,68,Av. Eva Perón 190
ALTE. BROWN,M49,MS,21,Álamo e/ Lapacho y Ceibo 3551
ALTE. BROWN,M50,PP,70,"Pje. Calafate 545 e/ Calle 6 y Eva Perón, Mz. 45"
ALTE. BROWN,M51,JI,921,Cervantes 4393
ALTE. BROWN,M52,MS,24,Morel 1633
ALTE. BROWN,M53,IS,53,Soldi 268
ALTE. BROWN,M54,PP,74,Calle 10 Trojkovich 2135
ALTE. BROWN,M55,MS,3,Alem 680
ALTE. BROWN,M56,MS,20,Río Quinto 435
ALTE. BROWN,M57,PP,57,La Calandria 3178
ALTE. BROWN,M58,PP,72,Santa Ana e/ Murature y Ramírez 5665
ALTE. BROWN,M59,PP,59,San Pablo 1966
ALTE. BROWN,M60,MS,8,Salaberry 345
AVELLANEDA,M1,Sede,,Mitre 1340
AVELLANEDA,M2,Sede,,Mitre 1340
AVELLANEDA,M3,PP,1,Av. Mitre e/ Sarmiento y 25 de Mayo 750
AVELLANEDA,M4,MS,13,Berutti 263
AVELLANEDA,M5,EE,502,España 621
AVELLANEDA,M6,MT,9,Av. Rivadavia 1069
AVELLANEDA,M7,IS,1,Uruguay 18
AVELLANEDA,M8,MS,5,Lebensohn 965
AVELLANEDA,M9,PP,9,Manuel Estévez 1000
AVELLANEDA,M10,PP,6,Vieytes 1590
AVELLANEDA,M11,MT,1,Alem esq. Vértiz 1910
AVELLANEDA,M12,PP,42,Av. Belgrano 1378
AVELLANEDA,M13,PP,4,V. Sársfield e/ Coronel Larralde y Gral. Mansilla
AVELLANEDA,M14,PP,45,Cno. Gral. Belgrano 1030
AVELLANEDA,M15,PP,37,Lacarra 1530
AVELLANEDA,M16,PP,24,Basavilbaso 1612
AVELLANEDA,M17,PP,18,Av. Mitre 2550
AVELLANEDA,M18,MS,11,Gelly y Obes 280
AVELLANEDA,M19,PP,36,Av. Mitre 3695
AVELLANEDA,M20,PP,32,De La Serna 4655
AVELLANEDA,M21,EE,507,Helguera e/ Posadas y Pierres
AVELLANEDA,M22,PP,27,Chascomús e/ Agüero y Arredondo 975
AVELLANEDA,M23,MS,9,Ramón Franco 5031
AVELLANEDA,M24,MS,28,La Blanqueada 4464
AVELLANEDA,M25,PP,43,Merlo 5687
AVELLANEDA,M26,MS,26,De La Peña 1452
AVELLANEDA,M27,PP,63,Rondeau 1900
AVELLANEDA,M28,MS,25,Campichuelo 6709
AVELLANEDA,M29,DM,458,Pje. Carlino 6243
AVELLANEDA,M30,PP,8,Martín Fierro 58
AVELLANEDA,M31,EE,503,Ramón Franco 6083
AVELLANEDA,M32,MS,10,Las Flores 1600
AYACUCHO,M1,Sede,,Sáenz Peña 1066
AZUL,M1,Sede,,Belgrano 420
AZUL,M2,Sede,,Belgrano 420
AZUL,M3,PP,8,Av. Cortázar e/ Belgrano y San Martín 1020
AZUL,M4,SC,1,Alvear 845
AZUL,M5,MS,5,Colón e/ Malere y Prat 428
AZUL,M6,PP,64,Aldaz 398
AZUL,M7,PP,17,Mitre 826
AZUL,M8,PP,14,Comercio y Juan B. Justo 859
AZUL,M9,PP,18,Castelar e/ Falucho y Miñana 1245
AZUL,M10,PP,1,Rivadavia y Olavarría 880
AZUL,M11,PP,62,Argentina y Colombia 224
BAHÍA BLANCA,M1,Sede,,Las Heras 367 1 piso
BAHÍA BLANCA,M2,Sede,,Las Heras 367 1 piso
BAHÍA BLANCA,M3,MS,13,Sarmiento 168
BAHÍA BLANCA,M4,PP,2,Vieytes 51
BAHÍA BLANCA,M5,MS,3,Bravard y Vieytes 85
BAHÍA BLANCA,M6,PP,1,Chiclana 851
BAHÍA BLANCA,M7,PP,67,Pedro Pico esq. Thomson 513
BAHÍA BLANCA,M8,PP,5,Darregueira 446
BAHÍA BLANCA,M9,MT,2,Azara 1250
BAHÍA BLANCA,M10,PP,57,Remedios De Escalada y Bouchard 1499
BAHÍA BLANCA,M11,PP,69,Rayen y Quillen
BAHÍA BLANCA,M12,EE,512,Necochea 889
BAHÍA BLANCA,M13,PP,50,Pilcaniyen 755
BAHÍA BLANCA,M14,MS,19,Sixto Laspiur y Adrián Veres
BAHÍA BLANCA,M15,PP,48,Fabián González 290
BAHÍA BLANCA,M16,PP,17,Juan José Paso 1441
BAHÍA BLANCA,M17,PP,30,Sáenz Peña y México
BAHÍA BLANCA,M18,PP,16,Maipú 1653
BAHÍA BLANCA,M19,PP,14,Saavedra esq. Dean Funes 622
BAHÍA BLANCA,M20,MS,34,Manuel de Molina 1462
BAHÍA BLANCA,M21,MS,4,Pringles 97
BAHÍA BLANCA,M22,PP,19,Ardohain e/ Chacabuco y Maipú 24
BALCARCE,M1,Sede,,Calle 8 N 540
BALCARCE,M2,Sede,,Calle 8 N 540
BARADERO,M1,Sede,,Cayetano Rodríguez 426
BARADERO,M2,Sede,,Cayetano Rodríguez 426
BARADERO,M3,Sede,,Cayetano Rodríguez 426
BARADERO,M4,SC,1,San Martín y Salta
BARADERO,M5,PP,16,René Simón 1524
BARADERO,M6,JI,901,San Martín esq. Acevedo 500
BARADERO,M7,MS,1,Mariano Moreno S/N
BARADERO,M8,PP,10,Hernando Arias de Saavedra 420
BENITO JUÁREZ,M1,Sede,,Rivadavia 80
BENITO JUÁREZ,M2,MS,1,Panamá (512 e/ 529 Y 531)
BENITO JUÁREZ,M3,MT,1,Constitución 228
BENITO JUÁREZ,M4,MS,3,Eva Perón 43
BENITO JUÁREZ,M5,MS,3011,Almafuerte 127
BENITO JUÁREZ,M6,Sede,,Rivadavia 80
BERAZATEGUI,M1,Sede,,Calle 152 N 1516
BERAZATEGUI,M2,Sede,,Calle 152 N 1516
BERAZATEGUI,M3,PP,1,"Calle 24 e/ 149 y 150 N 4975, Villa España"
BERAZATEGUI,M4,PP,2,"Calle 54 e/ 158 y 159, Hudson"
BERAZATEGUI,M5,PP,3,"Calle 226 e/ Av. Vergara y 259 N 950, Sourigues"
BERAZATEGUI,M6,MS,28,Calle 6 y 101
BERAZATEGUI,M7,PP,6,"Calle 304 e/ 364 y 365 N 1438, Ranelagh"
BERAZATEGUI,M8,PP,55,"Calle 459 e/ 408 y 409, Gutiérrez"
BERAZATEGUI,M9,PP,8,Calle 144 e/ 11 y 12 N 1135
BERAZATEGUI,M10,PP,9,Calle 148 e/ 10 y 11 N 1041
BERAZATEGUI,M11,JI,945,"Calle 263 e/ 213 y Antártida Argentina 1291, Sourigues"
BERAZATEGUI,M12,PP,15,"Calle 162 e/ 61 y 62, Hudson"
BERAZATEGUI,M13,PP,13,Calle 134 e/ 13 y 14 N 1338
BERAZATEGUI,M14,PP,12,"Calle 544 y 619, El Pato"
BERAZATEGUI,M15,PP,43,"Calle 51 e/ 127 y 128, Hudson"
BERAZATEGUI,M16,PP,16,Calle 133 y 4
BERAZATEGUI,M17,MS,52,"Calle 158 Esq. 43, Plátanos"
BERAZATEGUI,M18,PP,19,"Pje. Sta. Rosa, Pereyra"
BERAZATEGUI,M19,PP,53,Dardo Rocha e/ 17 y 18
BERAZATEGUI,M20,MS,23,Calle 163 e/ 23 y 24
BERAZATEGUI,M21,MS,12,"Calle 150 y 56 A, Hudson"
BERAZATEGUI,M22,PP,23,Calle 9 N 2253
BERAZATEGUI,M23,MS,54,Calle 126 e/ 30 y 31 N 3011
BERAZATEGUI,M24,PP,27,Calle 114 Esq. 18
BERAZATEGUI,M25,PP,28,"Calle 75 e/ 124 y 125 N 2445, Gutiérrez"
BERAZATEGUI,M26,PP,29,Calle 10 N 1171
BERAZATEGUI,M27,MT,1,"Calle 119 N 3105, Ranelagh"
BERAZATEGUI,M28,PP,31,"Calle 52 A e/ 134 y 135 A, Hudson"
BERAZATEGUI,M29,MS,18,Calle 27 e/ 106 y 107 N 32
BERAZATEGUI,M30,MS,11,Calle 9 Esq. 156
BERAZATEGUI,M31,PP,37,"Calle 144 e/ 29 y 30 N 2950, Villa España"
BERAZATEGUI,M32,PP,50,"Calle 371 A e/ 312 y 313, Ranelagh"
BERAZATEGUI,M33,PP,39,"Calle 61 N 5680, Hudson"
BERAZATEGUI,M34,IS,50,Calle 3 y 103
BERAZATEGUI,M35,PP,44,Calle 155 e/ 17 y 18
BERAZATEGUI,M36,PP,45,Calle 21 A y 115 N 1455
BERAZATEGUI,M37,MS,17,Calle 129 y 3 N 298
BERAZATEGUI,M38,PP,48,"Calle 149 y 48, Plátanos"
BERAZATEGUI,M39,PP,51,"Av. Mitre y 45 N 6038, Plátanos"
BERAZATEGUI,M40,PP,7,"Calle 415 e/ 455 y 454, Gutiérrez"
BERAZATEGUI,M41,MS,10,Calle 160 esq. 30 N 2975
BERAZATEGUI,M42,PP,14,"Calle 128 e/ 55 y 57, Hudson"
BERAZATEGUI,M43,MS,24,"Calle 163 Esq. 83 N 8305, Hudson"
BERAZATEGUI,M44,MS,38,Calle 9 e/ 131 y 132 N 3155
BERAZATEGUI,M45,MS,46,"Calle 616 y 514, El Pato"
BERAZATEGUI,M46,MS,57,"Calle 633 y 531, El Pato"
BERAZATEGUI,M47,MS,48,Calle 116 Esq. 4 N 401
BERAZATEGUI,M48,MS,40,Calle 1 e/ 122 y 123
BERAZATEGUI,M49,PP,5,Lisandro de la Torre 1684
BERISSO,M1,Sede,,Industria 4402
BERISSO,M2,MS,2,Montevideo y 35
BERISSO,M3,MS,5,Calle 154 y 14 N 1191
BERISSO,M4,PP,8,Calle 63 y 125 N 496
BERISSO,M5,MS,1,10 y 169
BERISSO,M6,PP,1,Av. Montevideo 335
BOLÍVAR,M1,Sede,,Av. Gral. Paz 145
BOLÍVAR,M2,Sede,,Av. Gral. Paz 145
BOLÍVAR,M3,PP,22,Belgrano 312
BOLÍVAR,M4,PP,13,Roteta y Macchi
BRAGADO,M1,Sede,,Núñez 20
BRAGADO,M2,Sede,,Núñez 20
BRAGADO,M3,MT,1,Catamarca 2050
BRAGADO,M4,MS,4,Núñez 581
BRAGADO,M5,MS,3,Santa María 507
BRAGADO,M6,MS,2,Belgrano 1200
BRAGADO,M7,PP,20,"9 de Julio y San Patricio, Ctel. IX 77"
BRAGADO,M8,PP,36,"Quintana e/ Cuadros y Mansilla, Ctel. III"
BRAGADO,M9,MS,8,Constantino 749
BRAGADO,M10,IC,200,Elizondo 2416
BRAGADO,M11,MS,6,Alberdi 728
BRANDSEN,M1,Sede,,Ferrari 475
BRANDSEN,M2,Sede,,Ferrari 475
BRANDSEN,M3,JI,901,Blvd. Mitre 337
BRANDSEN,M4,JS,2,Emilio Trucco y Hermanos Paz
BRANDSEN,M5,JI,904,Las Heras 51
BRANDSEN,M6,JI,909,Calle 16 y Máximo Paz 791
BRANDSEN,M7,PP,1,San Martín y Las Heras 703
BRANDSEN,M8,PP,3,San Martín esq. Simón Rey 409
BRANDSEN,M9,PP,7,Gervasio Trucco e/ Chabagno y Belgrano
BRANDSEN,M10,PP,8,Magdalena Fait esq. Castelli
BRANDSEN,M11,PP,10,Sáenz Peña esq. Pje. Sarmiento 1275
BRANDSEN,M12,PP,17,Medalla Milagrosa y Brandsen 687
BRANDSEN,M13,PP,19,Alberti y La Victoria
BRANDSEN,M14,PP,20,Pueblos Aborígenes e/ Mayas y Aztecas
BRANDSEN,M15,MS,1,Paso e/ Alberti y Las Heras 210
BRANDSEN,M16,MS,9,"Víctor Manuel III, esq. Castelli"
BRANDSEN,M17,MT,1,Calle 119 N 3421
BRANDSEN,M18,EE,501,Rivadavia 307
BRANDSEN,M19,SC,1,Rivadavia 365
CAMPANA,M1,Sede,,Güemes 1060
CAMPANA,M2,Sede,,Güemes 1060
CAMPANA,M3,Sede,,Güemes 1060
CAMPANA,M4,MM,1,Santiago del Estero 129
CAMPANA,M5,MS,3,Viale y San Barletta 15
CAMPANA,M6,PP,12,Juan Nardo 425
CAMPANA,M7,MS,6,Int. Varela 751
CAMPANA,M8,PP,3,San Martín 2152
CAÑUELAS,M1,Sede,,Brandsen 1237
CAÑUELAS,M2,MS,1,San Martín y Av. Pereda
CAÑUELAS,M3,PP,28,Vicente Peñaloza 2349
CAÑUELAS,M4,MS,12,San Juan 2450
CAÑUELAS,M5,PP,12,Bicentenario S/N e/ Remedios de Escalada y Ruta 205
CAÑUELAS,M6,MS,5,Garcilaso De La Vega y San Martín 165
CAÑUELAS,M7,MS,3,Mitre 1250
CAÑUELAS,M8,MT,1,Basavilbaso 253
CAÑUELAS,M9,PP,3,Matheu y Acuña
CAÑUELAS,M10,MS,2,Remedios de Escalada 215
CAÑUELAS,M11,Sede,,Brandsen 1237
CAP. SARMIENTO,M1,Sede,,Av. Roque Sáenz Peña 627
CAP. SARMIENTO,M2,Sede,,Av. Roque Sáenz Peña 627
CAP. SARMIENTO,M3,MS,1,Lucotti 757
CARMEN DE ARECO,M1,Sede,,Av. Mitre 455
CASTELLI,M1,Sede,,Pellegrini 543
CASTELLI,M2,PP,1,Av. 25 de Mayo 285
CHACABUCO,M1,Sede,,Mendoza 185
CHACABUCO,M2,MS,3,MS 4 Zapiola 215
CHACABUCO,M3,Sede,,Mendoza 185
CHASCOMÚS,M1,Sede,,Av. Lastra 397
CHASCOMÚS,M2,PP,2,Franklin 166
CHASCOMÚS,M3,Sede,,Av. Lastra 397
CHASCOMÚS,M4,PP,5,Libres del Sur 527
CHASCOMÚS,M5,MS,3,Av. Alfonsín 552
CHASCOMÚS,M6,MS,1,Washington 72
CHASCOMÚS,M7,MA,1,Saavedra 1006
CHIVILCOY,M1,Sede,,Gral. Frías 94
CHIVILCOY,M2,Sede,,Gral. Frías 94
CHIVILCOY,M3,MS,3,Av. C. Calderón 25
CHIVILCOY,M4,MS,4,Av. de Tomaso 26
CHIVILCOY,M5,MS,5,Av. José León Suárez 25
CHIVILCOY,M6,MS,6,Paso 1276
CHIVILCOY,M7,MS,1,San Lorenzo 260
CHIVILCOY,M8,MS,10,Av. Mitre 246
CHIVILCOY,M9,PP,23,Av. de Tomaso 310
CHIVILCOY,M10,EE,502,Moreno 345
CHIVILCOY,M11,PP,7,Alem 172
CHIVILCOY,M12,MS,9,Av. José León Suárez 380
CHIVILCOY,M13,AV,1,"Pje. Fournier 34, 1 piso"
CHIVILCOY,M14,MT,1,Pellegrini 338
CHIVILCOY,M15,PP,18,Vicente Loveira 53
CHIVILCOY,M16,PP,33,Av. 22 de Octubre 365
CHIVILCOY,M17,MS,7,Maestro Argentino 60
CHIVILCOY,M18,FC,12,Pellegrini 624
CHIVILCOY,M19,PP,65,Balcarce 552
CHIVILCOY,M20,PP,4,Saavedra e/ H. Yrigoyen y Villarino 7
CNEL. DORREGO,M1,Sede,,Italia 669
CNEL. DORREGO,M2,Sede,,Italia 669
CNEL. DORREGO,M3,PP,8,Av. San Martín 248
CNEL. DORREGO,M4,Sede,,Italia 669
CNEL. PRINGLES,M1,Sede,,Moreno 861
CNEL. PRINGLES,M2,Sede,,Moreno 861
CNEL. PRINGLES,M3,MS,1,Av. 25 de Mayo 1150
CNEL. PRINGLES,M4,MC,3,Ruta 51 Km 671
CNEL. PRINGLES,M5,PP,11,Av. Frondizi 476
CNEL. PRINGLES,M6,DM,2511,Sarmiento 150
CNEL. ROSALES,M1,Sede,,Paso 782
CNEL. ROSALES,M2,Sede,,Paso 782
CNEL. ROSALES,M3,MS,5,Villanueva 277
CNEL. ROSALES,M4,MS,10,José Ingenieros 785
CNEL. ROSALES,M5,MS,1,Mitre 860
CNEL. ROSALES,M6,MS,2,25 de Mayo 2510
CNEL. SUÁREZ,M1,Sede,,San Martín 257
CNEL. SUÁREZ,M2,Sede,,San Martín 257
CNEL. SUÁREZ,M3,MS,1,Av. Alsina 226
CNEL. SUÁREZ,M4,MS,3,Calle 9 N 339
CNEL. SUÁREZ,M5,MS,4,Avellaneda 426
CNEL. SUÁREZ,M6,MS,5,Av. Alemanes Del Volga 2461
CNEL. SUÁREZ,M7,IS,48,Uriburu 1472
COLÓN,M1,Sede,,Calle 18 N 560
DAIREAUX,M1,Sede,,Rivadavia 81
DAIREAUX,M2,EE,501,Celestino Torres 315
DAIREAUX,M3,MS,2,Las Heras 213
DAIREAUX,M4,MT,1,Marchelletti 1
DAIREAUX,M5,JI,903,Av. San Martín 151
DAIREAUX,M6,Sede,,Rivadavia 81
DOLORES,M1,Sede,,Alvear 401
DOLORES,M2,Sede,,Alvear 401
DOLORES,M3,Sede,,Alvear 401
DOLORES,M4,PP,1,Márquez 51
DOLORES,M5,MS,1,Sarmiento y Rodríguez
DOLORES,M6,MS,3,Cramer e/ Álvaro y Ricchieri 450
DOLORES,M7,MS,4,Cramer 50
DOLORES,M8,MA,1,Pizzagalli y Balbi
DOLORES,M9,EE,501,Mendiola y Paz 425
DOLORES,M10,PP,1,Belgrano y Perón 302
DOLORES,M11,OTRO,,"Sarmiento 280 e/ Julián Lynch y Lavalle, Maipú"
ENSENADA,M1,Sede,,Pte. Perón 428
ENSENADA,M2,Sede,,Pte. Perón 428
ENSENADA,M3,MT,2,Horacio Cestino y Güemes
ENSENADA,M4,SC,1,Ecuador esq. San Martín
ENSENADA,M5,AE,1,Perú 395
ENSENADA,M6,JI,909,Santa Fe e/ Almafuerte y Gaggino
ENSENADA,M7,JI,908,Joaquín V. González e/ Bloomberg y Roldán
ENSENADA,M8,MS,3,Calle 123 y Calle 530
ENSENADA,M9,MS,4,Calle 126 esq. Calle 46
ENSENADA,M10,PP,9,Liniers esq. Haramboure
ENSENADA,M11,JI,911,Alfredo Bravo e/ Bolivia y Uruguay
ENSENADA,M12,JI,905,"Av. Almirante Brown e/ 90 y 92, Punta Lara"
ESCOBAR,M1,Sede,,Sarmiento 429 Planta Alta
ESCOBAR,M2,Sede,,Sarmiento 429 Planta Alta
ESCOBAR,M3,PP,1,Pellegrini 351
ESCOBAR,M4,CFP,401,"Colectora Este 723, Belén de Escobar"
ESCOBAR,M5,MS,21,Estrada 434
ESCOBAR,M6,PP,20,Colón y Da Vinci
ESCOBAR,M7,PP,7,Albert Schweitzer e/ Darío y Quiroga
ESCOBAR,M8,MS,3,Soberanía Nacional 1184
ESCOBAR,M9,PP,17,Reina Yolanda 1290
ESCOBAR,M10,PP,6,H. Yrigoyen 50
ESCOBAR,M11,MT,3,"25 de Agosto S/N e/ Buen Ayre y Maipú, Garín 125"
ESCOBAR,M12,PP,25,Maipú 2350
ESCOBAR,M13,PP,18,Mendoza y Cjal. Larroca
ESCOBAR,M14,MS,1,Pueyrredón 3853
ESCOBAR,M15,MS,11,"25 de Agosto S/N e/ Buen Ayre y Maipú, Garín"
ESCOBAR,M16,MS,32,Montevideo 629
ESCOBAR,M17,MS,16,Las Heras 1616
ESTEBAN ECHEVERRÍA,M1,Sede,,"Alegre 122, Monte Grande"
ESTEBAN ECHEVERRÍA,M2,Sede,,"Alegre 122, Monte Grande"
ESTEBAN ECHEVERRÍA,M3,PP,1,Sofía T. de Santamarina 554
ESTEBAN ECHEVERRÍA,M4,PP,2,Faro Patagonia 2100
ESTEBAN ECHEVERRÍA,M5,MS,8,Fernando De Toro 2714
ESTEBAN ECHEVERRÍA,M6,PP,4,Villegas 615
ESTEBAN ECHEVERRÍA,M7,PP,30,Hnos. Pinzón 1896
ESTEBAN ECHEVERRÍA,M8,MS,12,Nuestras Malvinas 850
ESTEBAN ECHEVERRÍA,M9,MS,5,Benavídez 3445
ESTEBAN ECHEVERRÍA,M10,PP,8,Independencia 1749
ESTEBAN ECHEVERRÍA,M11,PP,9,Castex 1492
ESTEBAN ECHEVERRÍA,M12,PP,11,Colonia de Monte Grande 5040
ESTEBAN ECHEVERRÍA,M13,MS,21,"Laprida 1350, El Jagüel"
ESTEBAN ECHEVERRÍA,M14,PP,15,Bruzzone 725
ESTEBAN ECHEVERRÍA,M15,AS,1,Trangoni 152
ESTEBAN ECHEVERRÍA,M16,PP,16,Ascasubi 317
ESTEBAN ECHEVERRÍA,M17,PP,17,Evita 764
ESTEBAN ECHEVERRÍA,M18,PP,18,Colonia Monte Grande 2409
ESTEBAN ECHEVERRÍA,M19,PA,22,Autopista Riccheri y Ruta 205
ESTEBAN ECHEVERRÍA,M20,MS,18,Lavalle 253
ESTEBAN ECHEVERRÍA,M21,PP,50,Germán Palleros 866
ESTEBAN ECHEVERRÍA,M22,PP,55,Gral. Alvear 3376
ESTEBAN ECHEVERRÍA,M23,MS,1,Gral. Alvear 401
ESTEBAN ECHEVERRÍA,M24,MT,1,Güemes 2051
ESTEBAN ECHEVERRÍA,M25,PP,48,Amado Nervo 2430
ESTEBAN ECHEVERRÍA,M26,PP,24,Ortega 929
ESTEBAN ECHEVERRÍA,M27,PP,39,Dorrego 3400
ESTEBAN ECHEVERRÍA,M28,IS,35,Amat 279
EXALTACIÓN DE LA CRUZ,M1,Sede,,"Moreno 426, Capilla del Señor"
EXALTACIÓN DE LA CRUZ,M2,Sede,,"Moreno 426, Capilla del Señor"
EXALTACIÓN DE LA CRUZ,M3,PP,4,Ruta 8 Km 78
EXALTACIÓN DE LA CRUZ,M4,PP,21,Av. Belgrano e/ Libertad y Sucre
EXALTACIÓN DE LA CRUZ,M5,PP,1,Rivadavia 439
EZEIZA,M1,Sede,,Tuyutí 216
EZEIZA,M2,Sede,,Tuyutí 216
EZEIZA,M3,MT,1,Goya 608
EZEIZA,M4,MA,1,Roma 20
EZEIZA,M5,MS,1,Diego Laure 769
EZEIZA,M6,MS,2,Larrea 640
EZEIZA,M7,MS,4,Derqui 658
EZEIZA,M8,PP,15,Joaquín V. González 48
EZEIZA,M9,MS,18,Las Tipas 1500
EZEIZA,M10,PP,2,Canale 480
EZEIZA,M11,PP,20,Rawson 468
EZEIZA,M12,PP,16,Rayo de Sol 1776
EZEIZA,M13,PP,22,Hernandarias 1450
EZEIZA,M14,PP,23,Lavalle y Brasil
EZEIZA,M15,PP,24,Matienzo y Dean Funes 687
EZEIZA,M16,PP,25,Racedo 400
EZEIZA,M17,PP,26,Fcio. Varela 446
EZEIZA,M18,PP,21,Av. Maipú 750
EZEIZA,M19,PP,18,Río Turbio esq. Las Carabelas
EZEIZA,M20,PP,12,Carlos Tejedor 444
FLORENCIO VARELA,M1,Sede,,25 de Mayo de 1810 N 2607
FLORENCIO VARELA,M2,Sede,,25 de Mayo de 1810 N 2607
FLORENCIO VARELA,M3,OTRO,,Centro de Salud “Paulo Freire” Juan José Castelli e/ 25 de Mayo de 1810 y Dr. Bourel
FLORENCIO VARELA,M4,OTRO,,Centro de Salud “Paulo Freire” Juan José Castelli e/ 25 de Mayo de 1810 y Dr. Bourel
FLORENCIO VARELA,M5,PP,3,Av. Eva Perón 6050
FLORENCIO VARELA,M6,PP,4,"Calle 1620 S/N, La Capilla"
FLORENCIO VARELA,M7,MS,55,Av. Los inmigrantes e/ 1363 y 1371 N 3574
FLORENCIO VARELA,M8,PP,6,Rosario 1178
FLORENCIO VARELA,M9,PP,7,Salta y José Ingenieros 1148
FLORENCIO VARELA,M10,PP,8,Ruta 53 y Buenos Aires e/ 1648 y 1650
FLORENCIO VARELA,M11,JI,901,Martín Fierro y El Gaucho 1514
FLORENCIO VARELA,M12,MS,24,25 de Mayo de 1810 N 2650
FLORENCIO VARELA,M13,PP,11,Av. San Martín esq. Boccuzzi 3272
FLORENCIO VARELA,M14,PP,12,Sarratea 1260
FLORENCIO VARELA,M15,DF,403,Calle 511 N 3550
FLORENCIO VARELA,M16,PP,14,Av. San Martín 1571
FLORENCIO VARELA,M17,MT,2,Sallares y Parillo 699
FLORENCIO VARELA,M18,PP,16,Juan Baro y Boccuzzi 3280
FLORENCIO VARELA,M19,MS,26,Nueva Dheli 1374
FLORENCIO VARELA,M20,PP,18,Hugo Wast e/ Becquer y Saavedra 502
FLORENCIO VARELA,M21,PP,19,Andorra 139
FLORENCIO VARELA,M22,JI,916,Combate de Los Pozos 402
FLORENCIO VARELA,M23,MS,2050,El Mangrullo 25
FLORENCIO VARELA,M24,MS,58,Gorriti y Horqueta Cura 258
FLORENCIO VARELA,M25,JI,906,Antártida Argentina 1151
FLORENCIO VARELA,M26,PP,24,Navarro esq. Calingasta 1075
FLORENCIO VARELA,M27,PP,25,Río Bermejo 1110
FLORENCIO VARELA,M28,PP,26,Concordia y Olavarría 1262
FLORENCIO VARELA,M29,PP,27,Calle 515 N 3303
FLORENCIO VARELA,M30,MS,35,"Ruta Prov. 36 Km 31,5"
FLORENCIO VARELA,M31,PP,30,Los Laureles e/ El Zorzal y El Cardenal 2306
FLORENCIO VARELA,M32,JI,931,Calle 1321 A e/ 1348 y 1350 N 2438
FLORENCIO VARELA,M33,PP,31,Ciudadela esq. Olivos 1105
FLORENCIO VARELA,M34,PP,33,Baradero e/ Delgado y Bogotá 2402
FLORENCIO VARELA,M35,PP,34,Brandsen y La Esmeralda
FLORENCIO VARELA,M36,MT,3,Calle 1201 N 4401
FLORENCIO VARELA,M37,PP,36,Calle 1432 N 1613
FLORENCIO VARELA,M38,PP,37,Calle 35 N 707
FLORENCIO VARELA,M39,MS,63,D'Annunzio y Lisandro de la Torre 772
FLORENCIO VARELA,M40,MT,4,Hipólito Yrigoyen 95
FLORENCIO VARELA,M41,JI,940,Polonia e/ Bruselas y 608 A N 459
FLORENCIO VARELA,M42,PP,41,Sicilia 1742
FLORENCIO VARELA,M43,PP,42,Leopoldo Herrera 435
FLORENCIO VARELA,M44,PP,43,Roma 664
FLORENCIO VARELA,M45,PP,44,Palomas y Algarrobo 1221
FLORENCIO VARELA,M46,PP,45,Calle 1280 N 699
FLORENCIO VARELA,M47,MS,27,Río Bermejo 1839
FLORENCIO VARELA,M48,PP,47,San Pablo 1771
FLORENCIO VARELA,M49,MS,2,Concordia 1290
FLORENCIO VARELA,M50,PP,49,Calle 552 N 1022
FLORENCIO VARELA,M51,PP,50,Oncativo 2691
FLORENCIO VARELA,M52,MS,3,Madrid 691
FLORENCIO VARELA,M53,PP,53,V. de la Plaza e/ Spano y Lucena 263
FLORENCIO VARELA,M54,PP,54,Maipú 1245
FLORENCIO VARELA,M55,EE,502,Pablo Podestá 1347
FLORENCIO VARELA,M56,MT,1,Fader e/ L. Lugones y Obligado 2149
FLORENCIO VARELA,M57,MS,31,Av. Luján y 909 N 1524
FLORENCIO VARELA,M58,MS,8,Av. San Martín 2860
FLORENCIO VARELA,M59,MS,62,Lisandro de la Torre y Sta. Sofía 1226
FLORENCIO VARELA,M60,MS,11,La Tranquera y El Malambo 1622
FLORENCIO VARELA,M61,JI,910,Av. Novak 1588
FLORENCIO VARELA,M62,PP,64,Calle 1201 e/ 1288 y 1288 A N 6641
FLORENCIO VARELA,M63,JI,949,Mallorca e/ Bonn y Dr. Dessy
FLORENCIO VARELA,M64,JI,924,Río Caraguata 1423
FLORENCIO VARELA,M65,PP,67,Av. Novak 1019
FLORENCIO VARELA,M66,PP,69,Bruselas e/ Checoslovaquia y Grecia
FLORENCIO VARELA,M67,JI,934,Calle 762 y 713
FLORENCIO VARELA,M68,EL,1,Vicente López y Planes 706 y Venezuela
FLORENCIO VARELA,M69,PP,10,Florida 308
FLORENCIO VARELA,M70,PP,15,Neuquén 1751
FLORENCIO VARELA,M71,JI,938,Calle 445 esq. 402 N 140
FLORENCIO VARELA,M72,MS,29,Las Américas 1711
FLORENCIO VARELA,M73,MS,6,Yrigoyen 97
FLORENCIO VARELA,M74,JI,946,Álvar Núñez Cabeza de Vaca 2453
FLORENCIO VARELA,M75,IS,54,Bulnes 30
FLORENCIO VARELA,M76,MA,1,"Ruta Prov. 53 Km 13,5"
FLORENCIO VARELA,M77,JI,936,Berna 1620
FLORENCIO VARELA,M78,MS,47,Calle 509 esq. 546 N 2285
FLORENCIO VARELA,M79,PP,2,Sallares 1800
FLORENCIO VARELA,M80,MS,50,Pasos de Los Libres 2233
GRAL. ALVARADO,M1,Sede,,"Calle 21 N 1746, Miramar"
GRAL. ALVARADO,M2,PP,2,Calle 27 y Calle 106
GRAL. ALVARADO,M3,PP,3,Ruta 88 Km 40
GRAL. ALVARADO,M4,PP,17,Calle 52 N 202
GRAL. ALVARADO,M5,MS,1,Calle 44 N 1150
GRAL. ALVARADO,M6,EE,501,Calle 31 N 1632
GRAL. ALVARADO,M7,MS,2,Colón 2459
GRAL. ALVARADO,M8,MA,2,"Ruta 77 Km 5,5"
GRAL. ALVARADO,M9,Sede,,"Calle 21 N 1746, Miramar"
GRAL. ALVARADO,M10,PP,1,Calle 28 N 1273
GRAL. ALVEAR,M1,Sede,,Ameghino 815
GRAL. ALVEAR,M2,MT,1,San Martín 1350
GRAL. ALVEAR,M3,MS,1,Italia 338
GRAL. ALVEAR,M4,MA,1,Ruta Prov. 61 Km 118
GRAL. ALVEAR,M5,Sede,,Ameghino 815
GRAL. BELGRANO,M1,Sede,,Calle 18 N 696
GRAL. BELGRANO,M2,Sede,,Calle 18 N 696
GRAL. BELGRANO,M3,MT,1,Posadas 540
GRAL. BELGRANO,M4,MC,1,Ruta 41 S/N
GRAL. BELGRANO,M5,PP,15,Calle 134 e/ 55 y 57
GRAL. BELGRANO,M6,SC,801,Guido 265
GRAL. BELGRANO,M7,PP,10,Calle 29 e/ 36 y Ruta 41
GRAL. BELGRANO,M8,MS,1,Av. España esq. Finochietto 231
GRAL. LA MADRID,M1,Sede,,San Martín 994
GRAL. LA MADRID,M2,Sede,,San Martín 994
GRAL. LA MADRID,M3,PP,7,Alberdi 811
GRAL. LAS HERAS,M1,Sede,,Belgrano 360
GRAL. LAS HERAS,M2,Sede,,Belgrano 360
GRAL. LAS HERAS,M3,Sede,,Belgrano 360
GRAL. LAS HERAS,M4,PP,1,Av. Villamayor 289
GRAL. LAS HERAS,M5,MT,1,Neuquén 33
GRAL. LAS HERAS,M6,EE,501,Av. Colón 112
GRAL. LAS HERAS,M7,PP,11,Santiago Villamayor 890
GRAL. LAS HERAS,M8,PP,8,Belgrano esq. Francia
GRAL. MADARIAGA,M1,Sede,,"Martínez Ituño 182, local 4"
GRAL. MADARIAGA,M2,MS,2,Av. Buenos Aires 684
GRAL. MADARIAGA,M3,Sede,,"Martínez Ituño 182, local 4"
GRAL. PAZ,M1,Sede,,"Ramón Seijas e/ Cnel. Vivot y Av. Garay, Ranchos"
GRAL. PAZ,M2,Sede,,"Ramón Seijas e/ Cnel. Vivot y Av. Garay, Ranchos"
GRAL. PAZ,M3,PP,11,Acceso Balneario Río Salado
GRAL. PAZ,M4,PP,14,Chiramberro y Sarmiento 489
GRAL. PUEYRREDÓN,M1,Sede,,3 de Febrero 3243
GRAL. PUEYRREDÓN,M2,Sede,,3 de Febrero 3243
GRAL. PUEYRREDÓN,M3,Sede,,3 de Febrero 3243
GRAL. PUEYRREDÓN,M4,Sede,,3 de Febrero 3243
GRAL. PUEYRREDÓN,M5,MT,3,14 de Julio 2550
GRAL. PUEYRREDÓN,M6,PP,36,Castex 2142
GRAL. PUEYRREDÓN,M7,EE,509,Ruta 88 y 35 bis
GRAL. PUEYRREDÓN,M8,MS,13,Caminos J. M. Bordeu y Padre Varetto
GRAL. PUEYRREDÓN,M9,MS,23,Rivadavia 3731
GRAL. PUEYRREDÓN,M10,PP,6,Mitre 2474
GRAL. PUEYRREDÓN,M11,MT,5,Juan B. Justo 4287
GRAL. PUEYRREDÓN,M12,MS,3,Juan B. Justo 745
GRAL. PUEYRREDÓN,M13,DF,402,Jujuy 3550
GRAL. PUEYRREDÓN,M14,MS,2,Yrigoyen 1346
GRAL. PUEYRREDÓN,M15,MT,2,San Luis 1445
GRAL. PUEYRREDÓN,M16,PP,15,Tierra del Fuego 1714
GRAL. PUEYRREDÓN,M17,PP,2,Dorrego 633
GRAL. PUEYRREDÓN,M18,MS,35,Tres de Febrero 7081
GRAL. PUEYRREDÓN,M19,OR,260,Colón 6040 1 piso
GRAL. PUEYRREDÓN,M20,PP,28,Etchegaray 840
GRAL. PUEYRREDÓN,M21,PP,28,Etchegaray 840
GRAL. PUEYRREDÓN,M22,PP,14,Carasa 2245
GRAL. PUEYRREDÓN,M23,PP,14,Carasa 2245
GRAL. PUEYRREDÓN,M24,IS,19,Almafuerte 565
GRAL. PUEYRREDÓN,M25,PP,66,Valencia 9067
GRAL. PUEYRREDÓN,M26,AV,2,Av. La Pampa 1619
GRAL. PUEYRREDÓN,M27,MS,9,Calle 134 e/ 147 y 145
GRAL. PUEYRREDÓN,M28,MS,63,Paraguay 1253
GRAL. PUEYRREDÓN,M29,PP,44,Calle 479 N 3512
GRAL. RODRÍGUEZ,M1,Sede,,Avellaneda 735
GRAL. RODRÍGUEZ,M2,Sede,,Avellaneda 735
GRAL. RODRÍGUEZ,M3,JI,930,Puente Salado e/ Puente Blanco y Puente Cañete
GRAL. RODRÍGUEZ,M4,PP,10,José Hernández 750
GRAL. RODRÍGUEZ,M5,PP,14,Azuay 941
GRAL. RODRÍGUEZ,M6,PP,18,José de San Martín e/ Artigas y Ameghino
GRAL. RODRÍGUEZ,M7,PP,19,Yrigoyen 965
GRAL. RODRÍGUEZ,M8,MS,7,Linera 1161
GRAL. RODRÍGUEZ,M9,MT,1,Alem y Av. J. D. Perón
GRAL. SAN MARTÍN,M1,Sede,,Int. Campos 1666
GRAL. SAN MARTÍN,M2,Sede,,Int. Campos 1666
GRAL. SAN MARTÍN,M3,PP,1,Belgrano 3740
GRAL. SAN MARTÍN,M4,PP,18,Pueyrredón 4109
GRAL. SAN MARTÍN,M5,AM,2,San Lorenzo 2381
GRAL. SAN MARTÍN,M6,PP,16,Ayacucho 3141
GRAL. SAN MARTÍN,M7,PP,29,Israel 3392
GRAL. SAN MARTÍN,M8,EE,505,Caseros 3050
GRAL. SAN MARTÍN,M9,PP,46,Infanta Isabel 2647
GRAL. SAN MARTÍN,M10,JI,906,Lincoln 2405
GRAL. SAN MARTÍN,M11,PP,48,Calle 90 N 750
GRAL. SAN MARTÍN,M12,PP,69,Corrientes 3736
GRAL. SAN MARTÍN,M13,MS,4,Diag. 96 - Alsina 4945
GRAL. SAN MARTÍN,M14,PP,84,Lib. Gral. San Martín 5810
GRAL. SAN MARTÍN,M15,JI,913,"Pichincha 4720, Villa Bonich"
GRAL. SAN MARTÍN,M16,PP,8,Suipacha 5731
GRAL. SAN MARTÍN,M17,PP,11,"San José de Flores 1 esq. José Hernández, Villa Ballester"
GRAL. SAN MARTÍN,M18,JI,909,"América 4432, Villa Ballester"
GRAL. SAN MARTÍN,M19,PP,3,Lacroze 25
GRAL. SAN MARTÍN,M20,PP,9,Blvd. Ballester 5554
GRAL. SAN MARTÍN,M21,PP,44,"Río Negro 2561, Villa Ballester"
GRAL. SAN MARTÍN,M22,MS,53,Mitre 5473
GRAL. SAN MARTÍN,M23,JI,925,"Reconquista y Peatonal 10 S/N, Barrio Sarmiento"
GRAL. SAN MARTÍN,M24,PP,28,Patagonia 7493
GRAL. SAN MARTÍN,M25,EE,502,"Jujuy 3469, Malaver"
GRAL. SAN MARTÍN,M26,DF,404,"Rivadavia 7301, J. L. Suárez"
GRAL. SAN MARTÍN,M27,PP,50,"Echagüe 7636, J. L. Suárez"
GRAL. SAN MARTÍN,M28,JI,939,"Estrada 9248, J. L. Suárez"
GRAL. SAN MARTÍN,M29,PP,10,Mitre 5110
GRAL. SAN MARTÍN,M30,PP,31,"Huergo 8630, Villa Hidalgo"
GRAL. VIAMONTE,M1,Sede,,"Electo Urquizo 14, Los Toldos"
GRAL. VIAMONTE,M2,MS,1,Urquiza 553
GRAL. VIAMONTE,M3,MA,1,Paraje La Tribu S/N
GRAL. VIAMONTE,M4,MT,1,Av. San Martín 1655
GRAL. VIAMONTE,M5,MS,2,Avellaneda 737
GRAL. VIAMONTE,M6,Sede,,"Electo Urquizo 14, Los Toldos"
GUAMINÍ,M1,Sede,,"Roca 356, Casbas"
GUAMINÍ,M2,SC,4,Emilio Mori y Diagonal Norte S/N
GUAMINÍ,M3,Sede,,"Roca 356, Casbas"
GUAMINÍ,M4,MT,2,Scipión Cifone 415
GUAMINÍ,M5,MS,1,26 de Julio e/ Etcheverry y Hernández S/N
HURLINGHAM,M1,Sede,,Av. Vergara 3172
HURLINGHAM,M2,Sede,,Av. Vergara 3172
HURLINGHAM,M3,PP,1,Kiernan 1525
HURLINGHAM,M4,EE,502,Kiernan e/ Don Cristóbal y El Gaucho 1681
HURLINGHAM,M5,PP,16,Palermo 3765
HURLINGHAM,M6,MS,2,Valencia 827
HURLINGHAM,M7,PP,3,P. Díaz 425
HURLINGHAM,M8,PP,13,Le Breton 4385
HURLINGHAM,M9,PP,21,Ontiveros 4151
HURLINGHAM,M10,PP,4,Bradley 301
HURLINGHAM,M11,MT,1,Bradley 395
HURLINGHAM,M12,PP,7,Álzaga 809
HURLINGHAM,M13,PP,19,Schcolnik 419
HURLINGHAM,M14,PP,23,Húsares 269
HURLINGHAM,M15,PP,12,Balboa 151
HURLINGHAM,M16,JI,907,Diego de Carvajal 892
HURLINGHAM,M17,MT,2,Ocampo 1075
HURLINGHAM,M18,MS,1,Necochea 1110
HURLINGHAM,M19,PP,11,Necochea 855
HURLINGHAM,M20,EE,501,Necochea 485
HURLINGHAM,M21,PP,17,Asamblea y Thevenin S/N
HURLINGHAM,M22,MS,18,Recagno 550
HURLINGHAM,M23,MS,3,Güemes 1563
HURLINGHAM,M24,MS,11,Malaspina 1041
HURLINGHAM,M25,PP,5,Potosí 2452
HURLINGHAM,M26,PP,9,Acassuso 1900
HURLINGHAM,M27,PP,28,Gurruchaga 2540
HURLINGHAM,M28,PP,26,Dante 2330
HURLINGHAM,M29,PP,31,Gorriti 3520
HURLINGHAM,M30,PP,27,Vernet 3406
HURLINGHAM,M31,MS,9,Jáchal 3680
HURLINGHAM,M32,PP,20,Arribeños 2848
HURLINGHAM,M33,PP,18,Levalle 199
HURLINGHAM,M34,PP,24,Mustoni 2384
HURLINGHAM,M35,PP,6,Diagonal de Mayo 2990
HURLINGHAM,M36,MS,6,Torello 3052
HURLINGHAM,M37,MT,3,Torello 3054
ITUZAINGÓ,M1,Sede,,Zufriategui 676
ITUZAINGÓ,M2,Sede,,Zufriategui 676
ITUZAINGÓ,M3,Sede,,Zufriategui 676
ITUZAINGÓ,M4,PP,1,Las Heras 210
ITUZAINGÓ,M5,PP,2,Defilippi 1410
ITUZAINGÓ,M6,PP,3,Arengreen esq. Av. Rivadavia 36
ITUZAINGÓ,M7,PP,4,San Justo 3574
ITUZAINGÓ,M8,MS,2,Cnel.Vilela 1700
ITUZAINGÓ,M9,PP,6,Bagnat 955
ITUZAINGÓ,M10,PP,7,Segundo Sombra 1540
ITUZAINGÓ,M11,MS,9,Castelar S/N
ITUZAINGÓ,M12,MS,11,Caaguazú 910
ITUZAINGÓ,M13,PP,10,Lahitte y Espacio Verde S/N
ITUZAINGÓ,M14,MS,6,Peredo 1003
ITUZAINGÓ,M15,PP,13,Del Cabestro 350
ITUZAINGÓ,M16,PP,12,Paul Groussac 2705
ITUZAINGÓ,M17,PP,14,M. Castro 2351
ITUZAINGÓ,M18,PP,15,León Bloy y esq. Fleming S/N
ITUZAINGÓ,M19,PP,16,Orán 2070
ITUZAINGÓ,M20,PP,17,Villegas e/ Quiros y Espejo 1773
ITUZAINGÓ,M21,MS,19,Patagonia 2684
ITUZAINGÓ,M22,PP,20,Austria 2757
ITUZAINGÓ,M23,MS,20,Av. Pérez Quintana 4500
ITUZAINGÓ,M24,JI,901,Trole 460
ITUZAINGÓ,M25,JI,910,Nahuel Huapi 1270
ITUZAINGÓ,M26,MS,1,Bermejo y Los Ranqueles S/N
ITUZAINGÓ,M27,MS,4,Muñiz 601
ITUZAINGÓ,M28,MT,1,Mansilla 877
ITUZAINGÓ,M29,MT,2,Blas Parera y Fray Luis Beltrán 1425
ITUZAINGÓ,M30,EE,501,Haití 1368
ITUZAINGÓ,M31,MS,5,Olazábal 870
ITUZAINGÓ,M32,PP,18,Filipinas y Cardales S/N
JOSÉ C. PAZ,M1,Sede,,Roque Sáenz Peña 5267
JOSÉ C. PAZ,M2,Sede,,Roque Sáenz Peña 5267
JOSÉ C. PAZ,M3,Sede,,Roque Sáenz Peña 5267
JOSÉ C. PAZ,M4,MT,1,Zuviría 4149
JOSÉ C. PAZ,M5,MS,1,Centenario y Varsovia 3303
JOSÉ C. PAZ,M6,PP,1,Compostela y Girondo S/N
JOSÉ C. PAZ,M7,PP,2,Gelly y Obes 4950
JOSÉ C. PAZ,M8,PP,4,Eva Duarte de Perón y Gral. Pinto S/N
JOSÉ C. PAZ,M9,PP,6,Compostela 1670
JOSÉ C. PAZ,M10,PP,7,Alvear 3325
JOSÉ C. PAZ,M11,PP,8,Jiménez 3196
JOSÉ C. PAZ,M12,PP,10,J. B. Justo y Granaderos a Caballo S/N
JOSÉ C. PAZ,M13,PP,12,Mansilla 273
JOSÉ C. PAZ,M14,PP,13,Rosales 4580
JOSÉ C. PAZ,M15,PP,20,Grito de Asencio S/N
JOSÉ C. PAZ,M16,PP,22,Santa Marta 5181
JOSÉ C. PAZ,M17,PP,25,Acerboni 360
JOSÉ C. PAZ,M18,PP,27,Altube 4771
JOSÉ C. PAZ,M19,PP,28,José C. Paz 3500
JOSÉ C. PAZ,M20,PP,30,Carmen Puch e/ Pasteur y Agrelo 1781
JOSÉ C. PAZ,M21,PP,32,Charcas e/ Corbeta Uruguay y Fragata Sarmiento 4435
JOSÉ C. PAZ,M22,PP,33,Viena 3394
JOSÉ C. PAZ,M23,PP,37,Dinamarca S/N e/ Portugal y Grecia
JOSÉ C. PAZ,M24,PP,40,Saavedra Lamas 2940
JOSÉ C. PAZ,M25,PP,41,"Blvd. Principal, Calle Provisoria 5250"
JOSÉ C. PAZ,M26,MS,2,"Acerboni 620, Barrio El Ombú"
JOSÉ C. PAZ,M27,MS,4,San Lorenzo 3982
JOSÉ C. PAZ,M28,MS,6,"Félix de Azara 905, Santa Rita"
JOSÉ C. PAZ,M29,MS,7,Gelly y Obes y Arias S/N
JOSÉ C. PAZ,M30,MS,8,Lavalle 1296
JOSÉ C. PAZ,M31,MS,9,"Cullen Ayerza 3689, Parque Jardín"
JOSÉ C. PAZ,M32,MT,2,Cnel. Suárez 2453/5
JOSÉ C. PAZ,M33,MT,3,Las Tres Marías y José C. Paz S/N
JUNÍN,M1,Sede,,Belgrano 417
JUNÍN,M2,Sede,,Belgrano 417
JUNÍN,M3,AT,1,Mayor López 73
JUNÍN,M4,MT,2,Discépolo 448
JUNÍN,M5,PP,17,Cuartel II S/N
JUNÍN,M6,DF,402,Pringles 995
JUNÍN,M7,MS,7,Tte. Borchex 119
JUNÍN,M8,MS,1,Primera Junta 1095
JUNÍN,M9,MS,9,Almafuerte 308
JUNÍN,M10,MS,10,R. Hernández 911
JUNÍN,M11,MS,12,Pje. Democracia 1118
JUNÍN,M12,MS,17,Gral. Frías 22
JUNÍN,M13,MS,22,Alem 335
JUNÍN,M14,PP,16,Siria 153
JUNÍN,M15,Sede,,"Spano 95, Gral. Arenales"
LA MATANZA,M1,Sede,,"Pte. Perón 2941, San Justo"
LA MATANZA,M2,MS,20,"Salta 2433, San Justo"
LA MATANZA,M3,PP,3,Gaona y Monteagudo 2335
LA MATANZA,M4,EE,505,Cnel. Barcala 673
LA MATANZA,M5,TJO,,"Pueyrredón 2241, 2 piso"
LA MATANZA,M6,AA,1,"(anexo 2) Alte. Brown 1013, Ramos Mejía"
LA MATANZA,M7,PP,4,Av. de Mayo 262
LA MATANZA,M8,PP,4,Av. de Mayo 262
LA MATANZA,M9,MS,6,Pueyrredón 1250
LA MATANZA,M10,PP,23,Rivadavia 13198
LA MATANZA,M11,PP,114,Felipe De Arana 750
LA MATANZA,M12,MS,154,Pringles 2271
LA MATANZA,M13,PP,12,Urquiza 1028
LA MATANZA,M14,DF,403,Av. de Mayo 2473
LA MATANZA,M15,MS,13,Av. J. M. de Rosas 1313
LA MATANZA,M16,PP,143,Venancio Flores 556
LA MATANZA,M17,MS,106,Paso y Pagola 3814
LA MATANZA,M18,PP,26,Av. J. M. de Rosas 400
LA MATANZA,M19,PP,21,Av. Díaz Vélez 1721
LA MATANZA,M20,MS,139,Juan Florio 1991
LA MATANZA,M21,EE,511,Guatemala 4153/5
LA MATANZA,M22,PP,35,Dolores 3950
LA MATANZA,M23,PP,132,Canadá y Centenario 4664
LA MATANZA,M24,PP,115,La Rioja 115
LA MATANZA,M25,MS,131,Pedro León Gallo 4590
LA MATANZA,M26,PP,142,Salta y Entre Ríos 2309
LA MATANZA,M27,PP,38,Inclán 1856
LA MATANZA,M28,MS,49,Almafuerte 2835
LA MATANZA,M29,PP,153,Buchardo 2475
LA MATANZA,M30,PP,140,Rivera Indarte 968
LA MATANZA,M31,MT,12,Ituzaingó 4089
LA MATANZA,M32,MT,10,España 1050
LA MATANZA,M33,MS,92,Rivera 708
LA MATANZA,M34,EE,506,Tuyutí 1164
LA MATANZA,M35,PP,7,Av. Crovara y Colón 1099
LA MATANZA,M36,PP,8,Av. Crovara y Argentina 3127
LA MATANZA,M37,MS,93,Olleros 860
LA MATANZA,M38,DF,406,Arieta 5000
LA MATANZA,M39,PP,63,Paso de Los Andes y Los Nogales 571
LA MATANZA,M40,EE,504,Roosevelt 890
LA MATANZA,M41,PP,138,Av. San Martín 7200
LA MATANZA,M42,PP,74,Pilcomayo 1342
LA MATANZA,M43,EE,508,Av. 17 de Octubre S/N
LA MATANZA,M44,MT,11,Av. M. M. de Güemes 3860
LA MATANZA,M45,MS,65,La Rosita 4039
LA MATANZA,M46,PP,147,El Junco S 3 C 4 Mz. 27 S/N
LA MATANZA,M47,MT,2,Av. R. Rodríguez 3850
LA MATANZA,M48,JI,1025,El Cedro esq. El Guaicurú
LA MATANZA,M49,MS,21,Cátulo Castillo y Tiburón 410
LA MATANZA,M50,SC,2,El Raulí Complejo Habitacional 18 N 788
LA MATANZA,M51,PP,164,17 de Octubre e/ 200 Y 400
LA MATANZA,M52,PP,168,Av. Central y 600 S/N
LA MATANZA,M53,PP,186,600 y Las Orquídeas S/N
LA MATANZA,M54,MS,48,El Leñatero 1250
LA MATANZA,M55,MS,48,El Leñatero 1250
LA MATANZA,M56,MS,1,Beazley esq. Cordero 2175
LA MATANZA,M57,MS,161,Cnel. Montt 2011
LA MATANZA,M58,PP,71,Berna 1373
LA MATANZA,M59,PP,81,Cnel. Aguirre y Sudamérica 2764
LA MATANZA,M60,MS,127,Santa Rosa 252
LA MATANZA,M61,MS,121,Japón 31
LA MATANZA,M62,PP,175,Toluca 1208
LA MATANZA,M63,PP,191,Blomberg y Titanic 1850
LA MATANZA,M64,PP,117,Luis M. Drago y Esquiro 1218
LA MATANZA,M65,EE,512,Charrúa 3127
LA MATANZA,M66,MS,24,Peribebuy esq. Pekín S/N
LA MATANZA,M67,MS,34,Gervasio Espinosa 3640
LA MATANZA,M68,AA,1,Av. J. M. de Rosas 5975
LA MATANZA,M69,PP,37,Larraya y Amambay 450
LA MATANZA,M70,IS,82,Av. J. M. de Rosas 5795
LA MATANZA,M71,PP,65,Lisboa 1929
LA MATANZA,M72,MS,31,Colonia 2135
LA MATANZA,M73,PP,15,Lascano 6213
LA MATANZA,M74,PP,94,Virgilio y Amambay 439
LA MATANZA,M75,PP,96,Albarellos y Hualfin 2229
LA MATANZA,M76,PP,118,José Ignacio Rucci y Av. Crovara 4822
LA MATANZA,M77,PP,154,Settino 3480
LA MATANZA,M78,JI,936,Av. Crovara 4991
LA MATANZA,M79,PP,172,Tornquist y V. Gómez 6150
LA MATANZA,M80,PP,176,León Gallo e Yrigoyen 176
LA MATANZA,M81,PP,85,Portugal 3409
LA MATANZA,M82,PP,69,Ventura Bosch y Cruz Varela 2170
LA MATANZA,M83,PP,163,Da Vinci esq. Elizalde 7200
LA MATANZA,M84,MS,108,Reaño 6748
LA MATANZA,M85,PP,160,Soberanía Nacional 3908
LA MATANZA,M86,PP,107,Andrade 6669
LA MATANZA,M87,PP,19,Monseñor López May y Gutiérrez 3250
LA MATANZA,M88,PP,19,Monseñor López May y Gutiérrez 3250
LA MATANZA,M89,EE,519,El Lazo 2001
LA MATANZA,M90,MS,16,Magnasco 1916
LA MATANZA,M91,PP,32,Salvigni y Tafí
LA MATANZA,M92,MT,7,Santa Rosa 5496
LA MATANZA,M93,PP,83,Soldado Sosa y Newbery 4697
LA MATANZA,M94,PP,75,Inca y Echeverría 2993
LA MATANZA,M95,PP,111,Ruiz de Los Llanos 3608
LA MATANZA,M96,EE,510,Casares 3690
LA MATANZA,M97,MS,17,Estanislao Del Campo 3868
LA MATANZA,M98,PP,166,R. Ortega y Zárate 2505
LA MATANZA,M99,PP,90,Salvigni y Montgolfier 4197
LA MATANZA,M100,PP,78,Ascasubi 3491
LA MATANZA,M101,PP,185,Elizalde y Raulies 7380
LA MATANZA,M102,MS,56,El Resero y Alagón
LA MATANZA,M103,PP,28,El Resero 4897
LA MATANZA,M104,MS,68,Huemul 5568
LA MATANZA,M105,PP,184,Colegiales 2362
LA MATANZA,M106,PP,187,Reaño 3268
LA MATANZA,M107,PP,196,Int. Russo 1850
LA MATANZA,M108,PP,216,Int. Russo 1423
LA MATANZA,M109,MT,14,Bariloche esq. Garzón 6615
LA MATANZA,M110,PP,31,Balboa 7028
LA MATANZA,M111,MS,43,Barrientos e Icalma 4109
LA MATANZA,M112,PP,40,Nicolás De Las Llanderas y M. Acosta 1050
LA MATANZA,M113,PP,41,Libres 475
LA MATANZA,M114,MS,141,Donizetti y De Luca y Patrón 5923
LA MATANZA,M115,MS,51,Atalco 4551
LA MATANZA,M116,MS,67,Báez 5115
LA MATANZA,M117,PP,120,Balboa 3286
LA MATANZA,M118,DF,411,Leopardi 7298
LA MATANZA,M119,PP,121,Pareja 7053
LA MATANZA,M120,PP,33,Cóndor 1452
LA MATANZA,M121,PP,124,Azul 3535
LA MATANZA,M122,PP,11,Valle y Puerto Argentino 498
LA MATANZA,M123,IS,56,J. R. de Velasco 5479
LA MATANZA,M124,IS,56,J. R. de Velasco 5479
LA MATANZA,M125,MS,22,Caxaraville 645
LA MATANZA,M126,MS,100,Matías 6369
LA MATANZA,M127,PP,134,Murguiondo y Achega 6001
LA MATANZA,M128,PP,204,Dungenes y Gral. Rivas 816
LA MATANZA,M129,MS,190,Arrecifes 326
LA MATANZA,M130,PP,165,Achupallas y Soberanía Nacional 6255
LA MATANZA,M131,PP,209,Gamarra 8510
LA MATANZA,M132,PP,210,Solom 2218
LA MATANZA,M133,PP,148,Correa 7108
LA MATANZA,M134,PP,57,Estivao y San Luis S/N
LA MATANZA,M135,PP,66,El Naranjo 7220
LA MATANZA,M136,PP,67,Malta 1562
LA MATANZA,M137,MS,174,Concordia 3330
LA MATANZA,M138,MS,50,Curumalal 8050
LA MATANZA,M139,EE,517,Albateiro 3075
LA MATANZA,M140,PP,135,"Villarroel Ruta 3 km 46,5 N 10284"
LA MATANZA,M141,PP,145,Concordia 7918
LA MATANZA,M142,PP,145,Concordia 7918
LA MATANZA,M143,MS,54,Villaroel 1980
LA MATANZA,M144,MS,176,Cuenca 8047
LA MATANZA,M145,MS,77,Areco 5868
LA MATANZA,M146,MS,55,Av. J. M. de Rosas 25929
LA MATANZA,M147,PP,217,Mateo Corvalán y Empedrado 7250
LA MATANZA,M148,MS,2840,Hugo Wast 250
LA MATANZA,M149,MS,60,Muiño y Acoyte S/N
LA MATANZA,M150,MS,114,Guillermo Miller 3850
LA MATANZA,M151,PP,157,California 8305
LA PLATA,M1,Sede,,Calle 51 N 773
LA PLATA,M2,IS,8,Calle 50 N 877
LA PLATA,M3,PP,1,Calle 8 y 57 N 1201
LA PLATA,M4,PP,5,Plaza Alsina e/ 37 y 38 N 85
LA PLATA,M5,PP,8,Diag. 74 e/ 57 y 16 S/N
LA PLATA,M6,PP,11,Calle 12 e/ 68 y 69 S/N
LA PLATA,M7,PP,12,Calle 14 e/ 467 y 471 S/N
LA PLATA,M8,PP,15,Calle 4 e/ 62 y 63 S/N
LA PLATA,M9,PP,16,Calle 28 N 728
LA PLATA,M10,PP,26,Calle 207 e/ 516 y 516 Bis S/N
LA PLATA,M11,PP,27,Calle 4 e/ 611 y 612 S/N
LA PLATA,M12,PP,125,Calle 82 y 116 S/N
LA PLATA,M13,PP,30,Calle 15 e/ 521 y 522 N 1071
LA PLATA,M14,PP,60,Calle 2 Bis y 515 S/N
LA PLATA,M15,MT,8,Calle 526 N 1264
LA PLATA,M16,PP,33,Calle 8 esq. 38 S/N
LA PLATA,M17,PP,38,Calle 18 e/ 487 y 488 S/N
LA PLATA,M18,PP,40,Calle 20 y 83 Bis S/N
LA PLATA,M19,PP,42,Calle 22 N 1338
LA PLATA,M20,PP,56,Diag. 73 e/ 36 y 28 N 3208
LA PLATA,M21,PP,83,Calle 66 esq. 153
LA PLATA,M22,PP,84,Calle 7 e/ 75 y 76 S/N
LA PLATA,M23,PP,102,Calle 7 esq. 32 S/N
LA PLATA,M24,PP,117,Calle 28 e/ 471 y 472 S/N
LA PLATA,M25,PP,119,Calle 197 e/ 46 y 47 S/N
LA PLATA,M26,PP,3,Calle 52 bis e/ 206 y 208
LA PLATA,M27,AT,4,Av. 51 N 419
LA PLATA,M28,AZ,2,Calle 17 N 434
LA PLATA,M29,EL,2,Calle 58 y 29 S/N
LA PLATA,M30,PP,57,Calle 186 N 3971
LA PLATA,M31,IS,239,Calle 2 N 578
LA PLATA,M32,PP,2,Calle 9 e/ 47 y 48 N 777
LA PLATA,M33,PP,48,Calle 43 y 170 S/N
LA PLATA,M34,PP,21,Calle 62 e/ 139 y 140 S/N
LA PLATA,M35,PP,45,Calle 68 e/ 115 y 116 N 200
LA PLATA,M36,PP,29,Calle 25 e/ 526 y 527 N 29
LA PLATA,M37,PP,62,Calle 131 e/ 77 y 78 N 2225
LA PLATA,M38,Sede,,CTA-T La Plata Calle 6 N 736
LA PLATA,M39,Sede,,CTA-T La Plata Calle 6 N 736
LA PLATA,M40,PP,68,Calle 443 e/ Cno. Gral. Belgrano y 24 S/N
LA PLATA,M41,MA,1,"Ruta 36 Km 49,5 S/N"
LANÚS,M1,Sede,,Ituzaingó 1518
LANÚS,M2,Sede,,Ituzaingó 1518
LANÚS,M3,PP,1,Eva Perón 2412
LANÚS,M4,PP,3,Pte. J. D. Perón 3018
LANÚS,M5,PP,4,Ucrania 815
LANÚS,M6,PP,6,Ituzaingó 1762
LANÚS,M7,IS,11,Ituzaingó 1770
LANÚS,M8,PP,7,Mamberti 1217
LANÚS,M9,PP,8,Bouchard 370
LANÚS,M10,MS,49,Anatole France 1660
LANÚS,M11,PP,21,Colombia 1153
LANÚS,M12,PP,13,Av. Remedios de Escalada 4231
LANÚS,M13,PP,14,Fray Lagos 2113
LANÚS,M14,PP,15,Int. Manuel Quindimil 702
LANÚS,M15,PP,17,Mtro. Brin 3024
LANÚS,M16,PP,19,Tejedor 1091
LANÚS,M17,PP,20,José I. Rucci 958
LANÚS,M18,PP,22,Av. Alfonsín 1758
LANÚS,M19,PP,23,Bolaños 820
LANÚS,M20,PP,24,Suipacha 3098
LANÚS,M21,PP,25,Gral. Pico y 9 de Julio 2002
LANÚS,M22,PP,26,Dean Funes 4436
LANÚS,M23,PP,27,Gral. Ferré 2180
LANÚS,M24,PP,28,Gardel 1011
LANÚS,M25,DM,457,Joaquín V. González 2875
LANÚS,M26,PP,31,Andrade 740
LANÚS,M27,PP,32,Pilcomayo 2591
LANÚS,M28,PP,35,1 de Mayo 4171
LANÚS,M29,P,37,"Kloosterman 1757, Monte Chingolo"
LANÚS,M30,PP,38,Jean Jaures 1502
LANÚS,M31,PP,41,Mons. Hladnik 3949
LANÚS,M32,PP,43,Don Orione 1251
LANÚS,M33,PP,44,Manuel Castro 644
LANÚS,M34,P,46,"Bouchard 4491, Monte Chingolo"
LANÚS,M35,PP,49,Moreno y Oliden 2608
LANÚS,M36,PP,55,Pte. Derqui 1665
LANÚS,M37,JI,941,Pérez Galdós 4201
LANÚS,M38,PP,57,Molinedo y Sayos 1900
LANÚS,M39,PP,58,Pergamino y Bouchard S/N
LANÚS,M40,PP,59,Yatay 2850
LANÚS,M41,PP,60,Molinedo 3200
LANÚS,M42,PP,62,Pichincha 3821
LANÚS,M43,PP,63,Yapeyú 1155
LANÚS,M44,PP,64,Farrell 3334
LANÚS,M45,PP,66,Condarco 2332
LANÚS,M46,PP,67,Madero 1650
LANÚS,M47,PP,72,Potosí 2651
LANÚS,M48,PP,74,Los Patos 4140
LANÚS,M49,JI,917,Centenario Uruguayo 2800
LANÚS,M50,J,927,Pedernera 1583
LANÚS,M51,J,942,"De La Peña 2290, Monte Chingolo"
LANÚS,M52,MS,2,Av. 9 de Julio esq. Gaebeler 1788
LANÚS,M53,M,4,"20 de Septiembre 2432, Lanús Oeste"
LANÚS,M54,M,8,"Ramón Cabrero 1935, Lanús Este"
LANÚS,M55,MS,12,Liniers 3225
LANÚS,M56,MS,17,Barragán 4601
LANÚS,M57,MS,20,Burelas 3353
LANÚS,M58,MS,32,Posadas 319
LANÚS,M59,MS,50,Paraguay 2105
LANÚS,M60,MT,5,Ramón Cabrero 1751
LANÚS,M61,EE,507,Tucumán 3750
LANÚS,M62,EE,509,Ramón Cabrero 1915
LANÚS,M63,SC,801,"De La Peña 3257, Monte Chingolo"
LANÚS,M64,DF,401,Gral. Ferré 3103
LANÚS,M65,EL,1,Resistencia 1525
LANÚS,M66,TH,261,29 de Septiembre 2 Piso 1736
LAPRIDA,M1,Sede,,Yrigoyen 1107
LAPRIDA,M2,MT,1,Sancholuz 807
LAPRIDA,M3,DF,401,Rivadavia 1150
LAPRIDA,M4,MS,2,Alberdi 598
LAPRIDA,M5,MA,1,Pellegrini 986
LAPRIDA,M6,Sede,,Yrigoyen 1107
LAS FLORES,M1,Sede,,25 de Mayo 799
LAS FLORES,M2,JI,901,Las Heras 4
LAS FLORES,M3,JI,906,Rivadavia 643
LAS FLORES,M4,PP,2,Guaresti y Carramasa
LAS FLORES,M5,Sede,,25 de Mayo 799
LAS FLORES,M6,MS,1,Carmen 766
LEZAMA,M1,Sede,,Manuel Rico 188
LEZAMA,M2,Sede,,Manuel Rico 188
LEZAMA,M3,MS,1,Liniers y Dorrego 401
LINCOLN,M1,Sede,,Belgrano 168
LINCOLN,M2,Sede,,Belgrano 168
LINCOLN,M3,MT,1,Mitre 256
LINCOLN,M4,MS,4,Pellegrini 10
LOBERÍA,M1,Sede,,España 38
LOBERÍA,M2,MA,1,Cuartel IV S/N
LOBERÍA,M3,MT,1,Av. Sarmiento 501
LOBERÍA,M4,MS,2,Barreira 50
LOBERÍA,M5,MS,5,Luro 648
LOBERÍA,M6,EE,501,Ameghino 383
LOBERÍA,M7,JI,901,Pueyrredón 316
LOBOS,M1,Sede,,Prof. Lacoste 36
LOBOS,M2,Sede,,Prof. Lacoste 36
LOBOS,M3,EE,501,Salgado y Matanza
LOBOS,M4,MS,1,Libertad 150
LOBOS,M5,MA,1,Padre Bay S/N
LOBOS,M6,MS,3,Gral. Belgrano 3462
LOBOS,M7,MS,4,Yrigoyen 1405
LOBOS,M8,MS,5,Mastropietro 1554
LOBOS,M9,MS,6,San Martín 57
LOBOS,M10,MT,1,Cardoner 951
LOBOS,M11,PP,2,Zapiola 120
LOMAS DE ZAMORA,M1,Sede,,Belgrano 76
LOMAS DE ZAMORA,M2,Sede,,Belgrano 76
LOMAS DE ZAMORA,M3,Sede,,Belgrano 76
LOMAS DE ZAMORA,M4,Sede,,Belgrano 76
LOMAS DE ZAMORA,M5,PP,13,Av. Alte. Brown 2153
LOMAS DE ZAMORA,M6,PP,9,Av. H. Yrigoyen 9243
LOMAS DE ZAMORA,M7,MT,1,Manuel Castro 161
LOMAS DE ZAMORA,M8,EE,506,Ramón Falcón 780
LOMAS DE ZAMORA,M9,PP,7,Av. Alsina 1052
LOMAS DE ZAMORA,M10,MS,6,Viamonte 1567
LOMAS DE ZAMORA,M11,MS,42,Ángel Gallardo 170
LOMAS DE ZAMORA,M12,PP,24,Quintana 266
LOMAS DE ZAMORA,M13,PP,28,Boulogne Sur Mer e/ Lamadrid y Pedernera 240
LOMAS DE ZAMORA,M14,PP,73,Gral. Campos 145
LOMAS DE ZAMORA,M15,MS,1,Av. H. Yrigoyen 7731
LOMAS DE ZAMORA,M16,PP,15,Alvear 1715
LOMAS DE ZAMORA,M17,MS,21,Manuel Castro 990
LOMAS DE ZAMORA,M18,PP,21,José M. Penna 99
LOMAS DE ZAMORA,M19,PP,32,Indalecio Gómez 502
LOMAS DE ZAMORA,M20,PP,2,Albarracín 911
LOMAS DE ZAMORA,M21,MT,5,Pringles 27
LOMAS DE ZAMORA,M22,MS,65,Huergo 40
LOMAS DE ZAMORA,M23,PP,72,Av. H. Yrigoyen 11518
LOMAS DE ZAMORA,M24,PP,71,9 de Febrero 390
LOMAS DE ZAMORA,M25,PP,34,Melber 2050
LOMAS DE ZAMORA,M26,MT,4,Antártida Argentina 2750
LOMAS DE ZAMORA,M27,PP,66,Mercedes 1100
LOMAS DE ZAMORA,M28,PP,17,Oliván 107
LOMAS DE ZAMORA,M29,PP,78,Moctezuma e/ Anchoris y La Madreselva 400
LOMAS DE ZAMORA,M30,PP,50,El Trébol y Monroe 3785
LOMAS DE ZAMORA,M31,MT,3,El Tordo 459
LOMAS DE ZAMORA,M32,MS,15,Pío Collivadino 267
LOMAS DE ZAMORA,M33,PP,25,El Zorzal 2793
LOMAS DE ZAMORA,M34,PP,69,B. de Irigoyen 750
LOMAS DE ZAMORA,M35,PP,97,Vernet 281
LOMAS DE ZAMORA,M36,PP,76,Siciliano y Gordillo 1551
LOMAS DE ZAMORA,M37,PP,5,Castelli 1710
LOMAS DE ZAMORA,M38,PP,27,Laprida 1650
LOMAS DE ZAMORA,M39,PP,53,Las Tropas 1800
LOMAS DE ZAMORA,M40,PP,60,Guidi de Franc 2520
LOMAS DE ZAMORA,M41,MS,23,Fcio. Sánchez y Felipe Castro 1270
LOMAS DE ZAMORA,M42,PP,59,Champalanne 2608
LOMAS DE ZAMORA,M43,PP,26,Los Robles 108
LOMAS DE ZAMORA,M44,PP,51,Muzzilli 163
LOMAS DE ZAMORA,M45,PP,96,Espronceda y Sarmiento 150
LOMAS DE ZAMORA,M46,MT,9,Soldado Rodríguez y Manuela Pedraza S/N
LOMAS DE ZAMORA,M47,MS,35,Víctor Miatello 2061
LOMAS DE ZAMORA,M48,PP,94,Juan F. Quiroga 1370
LOMAS DE ZAMORA,M49,PP,87,Vucetich 4834
LOMAS DE ZAMORA,M50,PP,95,Homero e/ Cafayate y Cañuelas 3870
LOMAS DE ZAMORA,M51,DM,461,Homero e/ Ginebra y Arzulea 2285
LOMAS DE ZAMORA,M52,PP,12,Quesada 2610
LOMAS DE ZAMORA,M53,PP,88,Bucarest 1722
LOMAS DE ZAMORA,M54,PP,64,Figueredo y Cno. Negro 1525
LOMAS DE ZAMORA,M55,PP,90,Gabriel Miró 2550
LOMAS DE ZAMORA,M56,DF,402,Alfredo Palacios 1345
LOMAS DE ZAMORA,M57,PP,84,Núñez de Arce 1296
LOMAS DE ZAMORA,M58,PP,63,Campana 360
LOMAS DE ZAMORA,M59,MT,8,Pío Baroja 1802
LOMAS DE ZAMORA,M60,PP,93,Cipolletti 2202
LUJÁN,M1,Sede,,25 de Mayo 1167
LUJÁN,M2,Sede,,25 de Mayo 1167
LUJÁN,M3,PP,24,Estrada 919
LUJÁN,M4,EE,501,Humberto I 1282
LUJÁN,M5,MT,1,Av. España 1151
LUJÁN,M6,PP,7,R. Moreno 196
LUJÁN,M7,AA,1,Lavalle 274
LUJÁN,M8,MS,3,Av. Cadred y Juan de Dios Filiberto S/N
LUJÁN,M9,MS,7,Güemes 1474
LUJÁN,M10,Sede,,25 de Mayo 1167
MAGDALENA,M1,Sede,,Miguens 885
MAGDALENA,M2,Sede,,Miguens 885
MAGDALENA,M3,PP,12,Castelli 1290
MAGDALENA,M4,MS,1,Goenaga 1212
MAGDALENA,M5,MS,6,Libertad S/N
MALVINAS ARGENTINAS,M1,Sede,,"San Martín 3046, Los Polvorines"
MALVINAS ARGENTINAS,M2,Sede,,"San Martín 3046, Los Polvorines"
MALVINAS ARGENTINAS,M3,PP,1,25 de Mayo 3084
MALVINAS ARGENTINAS,M4,PP,2,Buenos Aires 1031
MALVINAS ARGENTINAS,M5,PP,3,Suipacha 2895
MALVINAS ARGENTINAS,M6,PP,5,Malabia 3890
MALVINAS ARGENTINAS,M7,PP,6,Palpa 2015
MALVINAS ARGENTINAS,M8,PP,9,Soldado Ex Combatiente de Malvinas 1700
MALVINAS ARGENTINAS,M9,PP,10,Güiraldes 405
MALVINAS ARGENTINAS,M10,PP,13,Cdoro. Rivadavia 296
MALVINAS ARGENTINAS,M11,PP,17,Pelagio Luna y Artigas S/N
MALVINAS ARGENTINAS,M12,MS,14,Boedo 1256
MALVINAS ARGENTINAS,M13,PP,19,Perito Moreno 2048
MALVINAS ARGENTINAS,M14,PP,20,Vernet 782
MALVINAS ARGENTINAS,M15,PP,21,Soldado Baigorria 3768
MALVINAS ARGENTINAS,M16,PP,22,Pte. Perón 450
MALVINAS ARGENTINAS,M17,PP,25,Mariotti 717
MALVINAS ARGENTINAS,M18,PP,26,Mascardi 860
MALVINAS ARGENTINAS,M19,DF,401,Cura Brochero 2997
MALVINAS ARGENTINAS,M20,PP,31,Cap. Giachino 1002
MALVINAS ARGENTINAS,M21,PP,35,Cerrito 1346
MALVINAS ARGENTINAS,M22,PP,38,Uspallata y Vernet 1275
MALVINAS ARGENTINAS,M23,MS,19,Los Caldenes 1385
MALVINAS ARGENTINAS,M24,MS,7,Las Araucarias 1450
MALVINAS ARGENTINAS,M25,MS,1,Godoy Cruz 3300
MALVINAS ARGENTINAS,M26,MS,2,San Lorenzo esq. Pasco 790
MALVINAS ARGENTINAS,M27,JI,917,Miraflores 940
MALVINAS ARGENTINAS,M28,MT,1,Chacabuco 276
MAR CHIQUITA,M1,Sede,,"Av. Atlántida 87, Santa Clara del Mar"
MAR CHIQUITA,M2,OTRO,,"Local Beltrami 114, Cnel. Vidal"
MAR CHIQUITA,M3,Sede,,"Av. Atlántida 87, Santa Clara del Mar"
MARCOS PAZ,M1,Sede,,Sáenz Peña 179
MARCOS PAZ,M2,Sede,,Sáenz Peña 179
MARCOS PAZ,M3,JI,902,Vieytes 2295
MARCOS PAZ,M4,EE,501,Marcos Paz 2194
MARCOS PAZ,M5,SC,1,Libertad 1934
MARCOS PAZ,M6,MS,9,Belgrano 2181
MARCOS PAZ,M7,JI,904,Ruta 40 Km 57 S/N
MARCOS PAZ,M8,MS,10,Scalabrini Ortiz 402
MARCOS PAZ,M9,JI,906,Berutti y La Vidalita S/N
MARCOS PAZ,M10,MT,2,Regimiento de Patricios 215
MARCOS PAZ,M11,JI,909,Los Cipreces y Las Moras S/N
MARCOS PAZ,M12,JI,910,Córdoba e/ España y Alemania 910
MARCOS PAZ,M13,JI,911,Tunuyán y Atuel S/N
MARCOS PAZ,M14,JI,914,Alem 955
MARCOS PAZ,M15,PP,1,Mitre 144
MARCOS PAZ,M16,MS,6,Dr. Marcos Paz 3444
MERCEDES,M1,Sede,,Calle 18 N 541
MERCEDES,M2,Sede,,Calle 18 N 541
MERCEDES,M3,EL,1,Calle 38 N 1133
MERCEDES,M4,MT,1,Calle 31 N 51
MERCEDES,M5,MS,5,Calle 29 N 874
MERLO,M1,Sede,,1 de Mayo 252 1 Piso
MERLO,M2,Sede,,1 de Mayo 252 1 Piso
MERLO,M3,Sede,,1 de Mayo 252 1 Piso
MERLO,M4,Sede,,1 de Mayo 252 1 Piso
MERLO,M5,MS,25,Av. Real 47
MERLO,M6,PP,2,Nicaragua 345
MERLO,M7,EE,502,Libertad esq. Suipacha 700
MERLO,M8,PP,4,Roma 2250
MERLO,M9,MS,2,Deseado 1525
MERLO,M10,PP,6,Mercante e/ Zapiola y V. Hugo 150
MERLO,M11,PP,7,Obarrio y Tapalqué 2000
MERLO,M12,PP,9,Int. Mendiluce 330
MERLO,M13,MS,46,Torrent e/ Bariloche y Cuenca
MERLO,M14,MS,45,25 de Mayo 2893
MERLO,M15,PP,13,Filiberto S/N
MERLO,M16,PP,14,Brasil 1670
MERLO,M17,PP,15,Melincué 2320
MERLO,M18,PP,16,Billiken 223
MERLO,M19,MS,5,Rawson 4541
MERLO,M20,PP,18,Cerrito 4651
MERLO,M21,PP,19,Sucre 1250
MERLO,M22,PP,20,Alippi S/N
MERLO,M23,PP,21,Marimonias 548
MERLO,M24,MS,43,Miller 696
MERLO,M25,MS,76,Bermejo 3520
MERLO,M26,PP,24,Bach 2865
MERLO,M27,PP,25,Fraga esq. Villafañe
MERLO,M28,PP,26,Martí 1710
MERLO,M29,SC,1,Gurruchaga e/ Albariño y Nervo 34
MERLO,M30,MS,24,Solís 876
MERLO,M31,PP,29,Alberdi y Pedraza 2351
MERLO,M32,MS,48,Pagola esq. Balastro 795
MERLO,M33,MS,77,Benavente 1373
MERLO,M34,MS,53,Jonte e/ Finlay y 24 de Noviembre
MERLO,M35,PP,33,Perdriel 2545
MERLO,M36,MS,44,Campos y Eiffel 2050
MERLO,M37,PP,60,Escobar e/ Nicaragua y Chile 2417
MERLO,M38,PP,36,Fentanes y Heritier
MERLO,M39,MS,36,Roma y Rivera Indarte
MERLO,M40,PP,38,Serrano 1702
MERLO,M41,MS,69,Rivarola y Santo Domingo
MERLO,M42,PP,40,Becquer 890
MERLO,M43,MS,13,Rodríguez 5200
MERLO,M44,PP,42,Melián 1415
MERLO,M45,JI,903,Carcarañá 151
MERLO,M46,MS,26,San Juan 1150
MERLO,M47,PP,45,Av. Real 360
MERLO,M48,MS,57,Morris 1485
MERLO,M49,PP,47,Constitución 352
MERLO,M50,MS,27,Rodin y Galeno
MERLO,M51,MS,80,Portela 4749
MERLO,M52,MS,58,Operativo Cóndor y Fraga
MERLO,M53,PP,51,Mataco y Teran 2625
MERLO,M54,MS,40,Tupac Amaru 446
MERLO,M55,MS,49,Segurola 66
MERLO,M56,MS,59,Del Carril y La Niña
MERLO,M57,PP,55,Carrasco 403
MERLO,M58,MS,6,Coronda 2451
MERLO,M59,PP,57,French esq. Victoria
MERLO,M60,PP,58,Zabala esq. Argentina 220
MERLO,M61,PP,59,Gallardo 1250
MERLO,M62,PP,61,Perdriel 3050
MERLO,M63,PP,62,Pizzurno 2450
MERLO,M64,MS,56,Doblas 1851
MERLO,M65,MS,74,Estanislao del Campo y Garmendia 3106
MERLO,M66,PP,65,Dávila 1390
MERLO,M67,PP,66,Bach y Freire
MERLO,M68,PP,67,D'Onofrio y Carabajal
MERLO,M69,PP,68,Iberá 3950
MERLO,M70,PP,69,Caaguazú 1124
MERLO,M71,PP,70,Muñiz 1709
MERLO,M72,PP,71,De María 3654
MERLO,M73,PP,72,Feval 651
MERLO,M74,PP,74,Plaza 6690
MERLO,M75,PP,75,Bach y Mozart
MERLO,M76,PP,77,Martínez de Núñez
MERLO,M77,PP,79,Belloso y Quesada
MERLO,M78,MS,4,Mercante 137
MERLO,M79,MS,7,Curupayti 714
MERLO,M80,MS,9,Alem 1588
MERLO,M81,MS,10,9 de Julio y Dardo Rocha
MERLO,M82,MS,15,De Barnes 4320
MERLO,M83,MS,19,11 de Noviembre 570
MERLO,M84,MT,1,Av. Real 161
MERLO,M85,MT,2,Güemes 2391
MERLO,M86,MS,21,Arévalo 1930
MERLO,M87,MT,5,Malvinas 1715
MERLO,M88,EE,501,Alem 1364
MERLO,M89,EE,503,Hortiguera y Defensa
MERLO,M90,EE,504,Italia y San Martín
MERLO,M91,PP,8,Rodríguez Peña 145
MERLO,M92,JI,902,Castelli e/ San Martín y Gómez Fretes 681
MERLO,M93,JI,913,De la Torre 830
MERLO,M94,IS,29,Rioja 996
MERLO,M95,MS,20,Bulnes 3320
MONTE HERMOSO,M1,Sede,,Fossatty 58 Local 4
MONTE HERMOSO,M2,PP,2,Río Salado 844
MONTE HERMOSO,M3,Sede,,Fossatty 58 Local 4
MORENO,M1,Sede,,Dorrego 2766
MORENO,M2,Sede,,Dorrego 2766
MORENO,M3,Sede,,Dorrego 2766
MORENO,M4,PP,1,Uruguay 54
MORENO,M5,PP,3,Mitre 1108
MORENO,M6,PP,7,Av. Storni 230
MORENO,M7,PP,13,Colombia 436
MORENO,M8,PP,18,San Juan Bautista 865
MORENO,M9,PP,22,Watt y Casacuberta 5441
MORENO,M10,PP,24,Daract 2081
MORENO,M11,PP,28,Posadas 5559
MORENO,M12,PP,31,Watt y Rep. Argentina
MORENO,M13,PP,36,Shakespeare y El Salvador
MORENO,M14,PP,37,Amundsen 6691
MORENO,M15,PP,41,Madariaga y Lafinur
MORENO,M16,PP,42,Ecuador esq. Ozanam
MORENO,M17,PP,47,Rep. Argentina 757
MORENO,M18,PP,49,Davaine 1842
MORENO,M19,PP,51,"León Bouchet 10865, Cuartel V"
MORENO,M20,PP,53,Discépolo e/ Luis Agote y Granaderos
MORENO,M21,PP,55,Magdalena y Gutiérrez 1314
MORENO,M22,PP,58,Plutarco y Mármol S/N
MORENO,M23,PP,60,Plus Ultra esq. Hernandarias
MORENO,M24,PP,61,Pinzón y Dr. Guines de la Quintana
MORENO,M25,PP,63,Vera de Aragón y Río Plata 10840
MORENO,M26,PP,66,El Quijote y Mercedes
MORENO,M27,PP,67,Bonpland 5332
MORENO,M28,PP,70,Ruta 23 y Arroyo Las Catonas
MORENO,M29,PP,73,La Pampa 6970
MORENO,M30,PP,74,México y Honduras
MORENO,M31,PP,78,Chilavert y Sastre
MORENO,M32,PP,79,Echeverría y Darwin
MORENO,M33,PP,84,Lillo y Oyuela 84
MORENO,M34,MS,3,Luján 4
MORENO,M35,MS,4,Galilei y O'Brien
MORENO,M36,MS,5,Sor De La Cruz y Allende
MORENO,M37,MS,6,Colombia 846
MORENO,M38,MS,7,Solón 1901
MORENO,M39,MS,11,Moctezuma 580
MORENO,M40,MS,12,Tablada 10432
MORENO,M41,MS,13,Sgto. Romero 6296
MORENO,M42,MS,14,Centenario 2200
MORENO,M43,MS,15,Misiones 2986
MORENO,M44,MS,16,M. y De la Vega 254
MORENO,M45,MS,21,Zeballos 822/44
MORENO,M46,MS,22,Av. J. A. Roca 3018
MORENO,M47,MS,23,Aconquija 5001
MORENO,M48,MS,24,Newton 3440
MORENO,M49,MS,25,Éxodo Jujeño 1310
MORENO,M50,MS,26,Ambrosetti e/ Campichuelo y Spano S/N
MORENO,M51,MS,27,La Música 2552
MORENO,M52,MS,31,Lobos 870
MORENO,M53,MS,32,Barker e/ Ascasubi y Carriego S/N
MORENO,M54,MS,33,Tablada 7301
MORENO,M55,MS,34,V. López y Planes e/ Junín y Luján S/N
MORENO,M56,MS,35,S. Rueda 1889
MORENO,M57,MS,36,"Roma y Remedios de Escalada, Barrio Bongiovanni"
MORENO,M58,MS,38,Ramos Mejía y Sáenz Peña
MORENO,M59,MS,41,Eva Duarte de Perón e/ San Lorenzo y San Cayetano 3192
MORENO,M60,MS,44,A. Jonte e/ Av. N. Álvarez y La Nación 1064
MORENO,M61,MS,45,Manuel De Falla y Fournier S/N
MORENO,M62,MS,50,Irala 1100
MORENO,M63,MS,54,Eberth esq. Baigorria
MORENO,M64,MS,55,El Ceibo e/ España y Montgolfier 2781
MORENO,M65,MS,58,Magdalena e/ Storni y Pericles
MORENO,M66,MS,59,Cortés e/ Lincoln y Colón
MORENO,M67,MS,64,Uspallata y Schumann 6520
MORENO,M68,MS,73,La Música 10801
MORENO,M69,MS,74,Primera Junta y Falucho
MORENO,M70,MS,75,La Providencia 760
MORENO,M71,MS,82,Pericles y Blandengues
MORENO,M72,MS,83,Av. Miero 970
MORENO,M73,IS,110,Vicente López 251
MORENO,M74,JI,918,Paraguay 8924
MORENO,M75,JI,951,Escalada 240
MORENO,M76,JI,959,Costa Rica y Cataluña
MORENO,M77,EE,502,Copérnico y Belgrano
MORENO,M78,EE,506,Portugal y Samaniego 5450
MORENO,M79,EL,1,Martín Fierro 250
MORENO,M80,MT,1,Isabel La Católica 2999
MORENO,M81,MT,2,J. B. Alberdi 131
MORENO,M82,AE,1,España esq. Pellegrini 697
MORÓN,M1,Sede,,Uruguay 47
MORÓN,M2,Sede,,Uruguay 47
MORÓN,M3,Sede,,Uruguay 47
MORÓN,M4,PP,1,San Martín 620
MORÓN,M5,PP,3,Maestra Cueto 750
MORÓN,M6,PP,4,Uruguay 451
MORÓN,M7,PP,7,Arredondo 2465
MORÓN,M8,PP,8,Tacuarí 648
MORÓN,M9,PP,12,Río Piedras 290
MORÓN,M10,PP,14,Yrigoyen 850
MORÓN,M11,PP,15,Blvd. Brig. J. M. de Rosas 352
MORÓN,M12,PP,17,Maison 531
MORÓN,M13,PP,18,Magnasco 953
MORÓN,M14,PP,22,Luis M. Campos 791
MORÓN,M15,PP,24,Echeverría 315
MORÓN,M16,PP,25,Av. Eva Perón 2352
MORÓN,M17,PP,26,Hungría 303
MORÓN,M18,MS,41,B. Roldán 1551
MORÓN,M19,PP,35,G. Pavón 3698
MORÓN,M20,PP,39,Solari 3475
MORÓN,M21,PP,48,William Morris esq. Casacuberta 3597
MORÓN,M22,PP,53,Achaga 3476
MORÓN,M23,PP,55,Grito de Alcorta e/ Castaños y Arenales 911
MORÓN,M24,PP,56,La Plata 730
MORÓN,M25,PP,58,Neuquén 529
MORÓN,M26,PP,71,Azul 2848
MORÓN,M27,PP,75,Pergamino 1549
MORÓN,M28,PP,80,Ruy Díaz 4031
MORÓN,M29,PP,31,Castillo 438
MORÓN,M30,PP,11,Cramer 740
MORÓN,M31,PP,99,Berutti 488
MORÓN,M32,PP,102,B. de Márquez 4800
MORÓN,M33,PP,105,Lillo 2147
MORÓN,M34,PP,108,Casullo 125
MORÓN,M35,MS,2,Directorio 1351
MORÓN,M36,MS,3,Río Negro 1340
MORÓN,M37,MS,8,Ntra. Sra. del Buen Viaje 149
MORÓN,M38,MS,9,Bufano 3425
MORÓN,M39,MS,11,Santiago de Chile 1450
MORÓN,M40,MS,21,A. Del Valle 995
MORÓN,M41,MS,22,Maza 220
MORÓN,M42,MS,24,Berutti 1142
MORÓN,M43,MS,31,Casullo 125
MORÓN,M44,PP,63,Curuchet 2600
MORÓN,M45,PP,83,Cañada de Juan Ruiz 320
MORÓN,M46,PP,57,Santa Teresa 2033
MORÓN,M47,MS,45,R. Gutiérrez 453
MORÓN,M48,MT,4,Matienzo y Bergamini S/N
MORÓN,M49,MT,6,Av. Rivadavia 17337
MORÓN,M50,MT,8,A. Ferreyra 1220
MORÓN,M51,PP,109,Marconi 2708
MORÓN,M52,DM,454,Berlín 3831
MORÓN,M53,DM,455,Tres Arroyos 329
MORÓN,M54,EE,503,Gral. San Martín 347
MORÓN,M55,JM,7660,Gardel 405
MORÓN,M56,EE,3182,Los Andes 2122
MORÓN,M57,EE,501,Llavallol 75
MORÓN,M58,EE,2081,Año 1852 N 1007
MORÓN,M59,MS,43,Maza y Santa María
MORÓN,M60,MS,35,Matienzo 334
MORÓN,M61,DM,453,Illia 799
MORÓN,M62,IS,45,Saverio Laiacona 1040
MORÓN,M63,DF,403,Patagones 302
MORÓN,M64,Sede,,Uruguay 47
NAVARRO,M1,Sede,,Calle 9 N 151
NAVARRO,M2,Sede,,Calle 9 N 151
NAVARRO,M3,MS,1,Calle 13 e/ 4 y 6 S/N
NAVARRO,M4,PP,19,Santa Fe e/ La Rioja y Mendoza 260
NECOCHEA,M1,Sede,,Calle 61 N 3360
NECOCHEA,M2,MA,1,Calle 9 N 3170
NECOCHEA,M3,MS,2,Calle 6 N 3445
NECOCHEA,M4,MS,5,Calle 102 y 77 Bis S/N
NECOCHEA,M5,MT,2,Jesuita Cardiel y 46 S/N
NECOCHEA,M6,MS,15,Calle 59 N 3953
NECOCHEA,M7,MT,3,Calle 73 N 1558
NECOCHEA,M8,MS,3,Calle 558 N 1044
NECOCHEA,M9,PP,1,"9 de Julio e/ San Martín y 12 de Octubre 268, San Cayetano"
NECOCHEA,M10,Sede,,Calle 61 N 3360
NECOCHEA,M11,MS,1,Av. 58 N 2763
OLAVARRÍA,M1,Sede,,San Martín 2972
OLAVARRÍA,M2,Sede,,San Martín 2972
OLAVARRÍA,M3,Sede,,San Martín 2972
OLAVARRÍA,M4,MS,10,San Martín 3051
OLAVARRÍA,M5,DF,403,Rivadavia 2959 1 Piso
OLAVARRÍA,M6,PP,1,Sgto. Cabral e/ Alsina y Lavalle 2543
OLAVARRÍA,M7,MS,6,Lavalle 3551
OLAVARRÍA,M8,MS,16,Juan XXIII 3970
OLAVARRÍA,M9,MS,7,Dorrego 3888
OLAVARRÍA,M10,EE,504,Ituzaingó 1879
OLAVARRÍA,M11,MS,20,San Martín 2053
OLAVARRÍA,M12,PP,56,Urquiza 1590
OLAVARRÍA,M13,MT,1,Av. Perón y Río Negro S/N
OLAVARRÍA,M14,MT,2,Av. Aristóbulo del Valle 5201
OLAVARRÍA,M15,MA,1,Autopista L. Fortabat 7000
OLAVARRÍA,M16,MS,17,Av. de los Fundadores 575
OLAVARRÍA,M17,MS,4,Av. Crotto y A. Colella S/N
OLAVARRÍA,M18,PP,12,Mozzi 849
OLAVARRÍA,M19,PP,77,Zeballos 1430
PARTIDO DE LA COSTA,M1,Sede,,"Blanco Encalada 439, Mar de Ajó"
PARTIDO DE LA COSTA,M2,Sede,,"Blanco Encalada 439, Mar de Ajó"
PARTIDO DE LA COSTA,M3,MS,1,Blanco Encalada e H. Yrigoyen 100
PARTIDO DE LA COSTA,M4,PP,10,Espora 1734
PARTIDO DE LA COSTA,M5,MS,4,Garay 2740
PARTIDO DE LA COSTA,M6,JI,908,Hernandarias 650
PARTIDO DE LA COSTA,M7,MS,14,Santiago del Estero y Entre Ríos 4983
PARTIDO DE LA COSTA,M8,MS,13,Calle 76 y 5 N 490
PARTIDO DE LA COSTA,M9,Sede,,"Calle 32 N 709, Santa Teresita"
PARTIDO DE LA COSTA,M10,PP,13,Calle 45 N 1384
PARTIDO DE LA COSTA,M11,JI,911,Calle 14 N 1898
PARTIDO DE LA COSTA,M12,MT,1,Calle 104 N 1440
PARTIDO DE LA COSTA,M13,PP,3,Calle 21 N 1005
PARTIDO DE LA COSTA,M14,MS,3,Calle 12 N 796
PARTIDO DE LA COSTA,M15,Sede,,"Av. III 2354, San Clemente del Tuyú"
PARTIDO DE LA COSTA,M16,PP,22,"Ruta 11 y Av. Galo, Gral. Lavalle"
PARTIDO DE LA COSTA,M17,Sede,,"Mitre 911, Gral. Lavalle"
PATAGONES,M1,Sede,,Garibaldi 331
PATAGONES,M2,Sede,,Garibaldi 331
PATAGONES,M3,MS,2,San Lorenzo 169
PATAGONES,M4,MS,3,Buenos Aires 787
PATAGONES,M5,EE,501,Roca 20
PATAGONES,M6,PP,8,San Lorenzo 37
PATAGONES,M7,AA,1,Buenos Aires 456
PATAGONES,M8,PP,14,Jaime Harris 41
PATAGONES,M9,MS,1,Av. Eva Perón 1403
PATAGONES,M10,PP,21,Celedonio Miguel 386
PATAGONES,M11,MS,1,San Martín esq. Los Pozos S/N
PATAGONES,M12,PP,2,Botazzi 376
PATAGONES,M13,MS,8,Santa Fe 447
PRESIDENTE PERÓN,M1,PP,1,Maria C. del Corral 594
PRESIDENTE PERÓN,M2,PP,1,Maria C. del Corral 594
PRESIDENTE PERÓN,M3,JI,903,Alem 390
PRESIDENTE PERÓN,M4,JI,911,Calle 124 e/ 133 y 135 N 2394
PRESIDENTE PERÓN,M5,PP,1,María Del Corral 584
PRESIDENTE PERÓN,M6,PP,3,Alem 1848
PRESIDENTE PERÓN,M7,PP,6,Calle 38 Bis e/ 8 y 9 S/N
PRESIDENTE PERÓN,M8,PP,10,Godoy Cruz y Remedios de Escalada S/N
PRESIDENTE PERÓN,M9,MS,1,Av. Eva Perón 140
PRESIDENTE PERÓN,M10,MS,2,Catamarca 223
PRESIDENTE PERÓN,M11,MS,6,Filiberto 4037
PRESIDENTE PERÓN,M12,MS,7,Navarro 1789
PRESIDENTE PERÓN,M13,MS,10,Paramaribo 199
PRESIDENTE PERÓN,M14,MS,11,Catamarca y Espora
PEHUAJÓ,M1,Sede,,Echeverría 359
PEHUAJÓ,M2,Sede,,Echeverría 359
PEHUAJÓ,M3,MS,6,Del Campo 269
PEHUAJÓ,M4,MS,7,Hernández 250
PEHUAJÓ,M5,MT,1,Perito Moreno 860
PEHUAJÓ,M6,MS,5,Dean Funes y Manuel Treyo S/N
PEHUAJÓ,M7,SC,1,Italia e/ Fraternidad y Maipú 228
PEHUAJÓ,M8,PP,8,Av. San Martín e/ Sarmiento y V. López 286
PEHUAJÓ,M9,MS,9,Pellegrini 151
PEHUAJÓ,M10,SC,1,Alberdi 154
PEHUAJÓ,M11,PP,2,Artigas 555
PEHUAJÓ,M12,JI,902,Ramos Mejía y Quintana 195
PERGAMINO,M1,Sede,,9 de Julio 161
PERGAMINO,M2,PP,53,Balboa 586
PERGAMINO,M3,Sede,,9 de Julio 161
PERGAMINO,M4,PP,4,España 649
PILA,M1,Sede,,Calle 4 e/ 17 y 19
PILA,M2,PP,5,"Bernardo Zabala S/N, Casallins"
PILA,M3,Sede,,Calle 4 e/ 17 y 19 S/N
PILAR,M1,Sede,,Bolívar 435
PILAR,M2,Sede,,Bolívar 435
PILAR,M3,MT,1,Tucumán 854
PILAR,M4,PP,44,Las Hortensias 1675
PILAR,M5,PP,41,Mitre y Capdevilla
PILAR,M6,PP,14,Yrigoyen 1266
PILAR,M7,MS,6,Garibaldi 1998
PILAR,M8,MS,14,Paraguay 1610
PILAR,M9,PP,17,Ruta 8 Km 62 S/N
PILAR,M10,MS,20,Bean e I. Huemul 569
PILAR,M11,MS,27,"Ruta 25 Km 4,5 S/N, Cuartel V"
PILAR,M12,PP,12,S. González 894
PILAR,M13,PP,20,Tucumán 1747
PILAR,M14,PP,29,Guatemala 1074
PILAR,M15,MS,22,Soler 1795
PILAR,M16,PP,32,Pasteur 631
PILAR,M17,PP,2,F. de Arteaga 793
PILAR,M18,PP,38,Sara Maqueda y Labruyere
PINAMAR,M1,Sede,,Constitución 1345
PINAMAR,M2,Sede,,Constitución 1345
PUÁN,M1,Sede,,"Sarmiento 527, Darregueira"
PUÁN,M2,PP,1,Belgrano 550
PUÁN,M3,MS,1,Adela Neumann 283
PUÁN,M4,MS,2,Paso 287
PUÁN,M5,PP,4,Pedro B. Palacios 312
PUNTA INDIO,M1,Sede,,"Calle 30 N 1188, Verónica"
PUNTA INDIO,M2,MS,2,Calle 31 y Circunvalación 12 S/N
PUNTA INDIO,M3,Sede,,"Calle 30 N 1188, Verónica"
QUILMES,M1,Sede,,Humberto Primo 361 1 Piso
QUILMES,M2,OTRO,,Centro de Salud Humberto Primo 361 PB
QUILMES,M3,MS,20,Mitre e/ Colón y Conesa 364
QUILMES,M4,MT,5,Garibaldi 433
QUILMES,M5,PP,19,Ortiz de Ocampo 335
QUILMES,M6,PP,79,Marinero López 575
QUILMES,M7,MT,7,Av. Otamendi y Calle 79
QUILMES,M8,PP,10,Humberto Primo 887
QUILMES,M9,PP,39,Balcarce y Mozart S/N
QUILMES,M10,MS,15,Bottaro 1125
QUILMES,M11,PP,28,Ascasubi 475
QUILMES,M12,PP,14,Carbonari 379
QUILMES,M13,PP,69,Larrea 3922
QUILMES,M14,MS,43,Ecuador 938
QUILMES,M15,PP,34,Rojas 5695
QUILMES,M16,PP,54,E. Del Campo y Brasil S/N
QUILMES,M17,PP,35,Craviotto 2630
QUILMES,M18,PP,71,Calle 339 N 3550
QUILMES,M19,PP,55,Juan B. Justo 3402
QUILMES,M20,MA,1,Av. La Plata e/ Laprida y Andrade S/N
QUILMES,M21,MS,3,Corrientes 587
QUILMES,M22,PP,16,Rodolfo López 533
QUILMES,M23,MS,77,12 de Octubre e/ Andrés Baranda y Marc 758
QUILMES,M24,MS,71,Felipe Amoedo 1256
QUILMES,M25,MT,6,Av. Calchaquí 1894
QUILMES,M26,PP,27,San Luis 4016
QUILMES,M27,PP,37,Líbano 5070
QUILMES,M28,PP,87,Calle 889 N 1881
QUILMES,M29,PP,68,Calle 819 N 921
QUILMES,M30,MS,51,Calle 387 N 2831
QUILMES,M31,MS,23,Calle 839 N 546
QUILMES,M32,MS,24,Calle 880 esq. 832 S/N
QUILMES,M33,PP,45,Calle 846 N 1202
QUILMES,M34,IS,83,Calle 844 N 2270
QUILMES,M35,PP,53,Calle 844 N 2288
QUILMES,M36,PP,64,Av. Provincial y 848 S/N
QUILMES,M37,PP,59,898 N 6351
QUILMES,M38,PP,50,826 N 2540
QUILMES,M39,PP,11,895 e/ 835 y 836 S/N
QUILMES,M40,PP,2,Calle 806 N 2374
QUILMES,M41,PP,80,Calle 891 N 3121
QUILMES,M42,MS,9,Calle 810 N 1828
QUILMES,M43,PP,60,Calle 190 y Liniers 988
QUILMES,M44,PP,63,Calle 187 N 609
QUILMES,M45,PP,33,Cabo Sessa 1101
QUILMES,M46,MS,13,Pampa 4324
QUILMES,M47,PP,65,Los Andes y Malvinas 4325
QUILMES,M48,MT,8,Calle 175 bis e/ Pilcomayo y Pampa S/N
QUILMES,M49,PP,15,Cerrito y 167 S/N
QUILMES,M50,PP,62,La Rioja 1637
QUILMES,M51,MS,16,Calchaquí 840
QUILMES,M52,PP,36,Líbano 1532
QUILMES,M53,MS,63,Chaco 1540
QUILMES,M54,PP,21,Dardo Rocha y Cerrito 802
QUILMES,M55,MS,52,Luis M. Campos 190
QUILMES,M56,PP,48,Alem 1545
QUILMES,M57,PP,18,Avellaneda 177
QUILMES,M58,EE,501,Líbano 450
QUILMES,M59,PP,31,Dardo Rocha 1343
QUILMES,M60,PP,46,Chiclana 1019
QUILMES,M61,IS,24,Cramer 471
RAMALLO,M1,Sede,,Belgrano 642
RAMALLO,M2,SC,1,Honorio Sánchez 1165
RAMALLO,M3,PP,3,Av. San Martín 1802
RAMALLO,M4,PP,5,Gomendio 185
RAMALLO,M5,JI,907,Jujuy 524
RAMALLO,M6,PP,26,Santa Fe y San Fco. Javier 26
RAMALLO,M7,MS,1,Sarmiento 952
RAMALLO,M8,MS,2,Av. San Martín 745
RAMALLO,M9,MS,6,Av. San Martín y Jujuy 1802
RAMALLO,M10,PP,1,Belgrano 615
RAMALLO,M11,MS,3,San Fco. Javier 1333
RAMALLO,M12,EE,502,9 de Julio y Saavedra S/N
RAMALLO,M13,PP,25,Quesada S/N
RAMALLO,M14,JI,905,Tucumán 858
RAMALLO,M15,JI,909,Ruta Prov. 51 Cuartel II S/N
RAMALLO,M16,MT,1,Irigoyen 1249
RAMALLO,M17,MS,4,Zampa 784
RAMALLO,M18,PP,6,Ing. Iribas y Av. San Martín 1011
RAMALLO,M19,PP,23,Sarmiento 458
RAMALLO,M20,JM,1,25 de Mayo y Brown
RAMALLO,M21,Sede,,Belgrano 642
RAUCH,M1,Sede,,Cnel. Suárez 370
RAUCH,M2,Sede,,Cnel. Suárez 370
RAUCH,M3,PP,1,Letamendi 694
RAUCH,M4,EE,501,Av. San Martín 1180
RIVADAVIA,M1,Sede,,"Mitre 717, América"
RIVADAVIA,M2,Sede,,"Mitre 717, América"
RIVADAVIA,M3,PP,7,Planta Urbana S/N
RIVADAVIA,M4,PP,5,San Martín y Diag. Roca S/N
RIVADAVIA,M5,MS,1,Av. San Martín 388
RIVADAVIA,M6,PP,33,Alem 381
ROJAS,M1,Sede,,Paso 512
ROJAS,M2,PP,1,Alem 580
ROJAS,M3,MS,4,Lamadrid 262
ROQUE PÉREZ,M1,Sede,,Alberdi 1086
ROQUE PÉREZ,M2,MS,1,9 de Julio 1537
ROQUE PÉREZ,M3,Sede,,Alberdi 1086
ROQUE PÉREZ,M4,PP,2,H. Fernández 286
SAAVEDRA,M1,Sede,,"Alem 567, Pigüé"
SAAVEDRA,M2,Sede,,"Alem 567, Pigüé"
SAAVEDRA,M3,PP,14,Mons. Durban 1096
SAAVEDRA,M4,MA,1,Av. El Paredón 1515
SAAVEDRA,M5,MS,2,Güemes 123
SAAVEDRA,M6,DF,401,Alem 841
SAAVEDRA,M7,PP,2,Belgrano 320
SAAVEDRA,M8,MS,3,Belgrano y C. Y. Álvarez
SAAVEDRA,M9,PP,6,Av. Casey 216
SALADILLO,M1,Sede,,Av. Belgrano 2895
SALADILLO,M2,Sede,,Av. Belgrano 2895
SALADILLO,M3,Sede,,Av. Belgrano 2895
SALADILLO,M4,MA,1,Cuartel VI S/N
SALADILLO,M5,IS,16,Av. Rivadavia 2655
SALADILLO,M6,MS,2,Av. Pereyra 3046
SALADILLO,M7,MT,1,J. V. González 3013
SALADILLO,M8,PP,18,Almafuerte 3158
SALLIQUELÓ,M1,Sede,,3 de Febrero 156
SALLIQUELÓ,M2,Sede,,3 de Febrero 156
SALLIQUELÓ,M3,PP,3,Sarmiento y Belgrano S/N
SALLIQUELÓ,M4,MS,1,Inglaterra e/ Corrientes y 25 de Mayo 35
SALTO,M1,Sede,,Vicealte. Montes 248
SALTO,M2,Sede,,Vicealte. Montes 248
SALTO,M3,PP,30,B. Esperanza 413
SALTO,M4,EE,501,Saavedra e/ French y Arredondo S/N
SALTO,M5,SC,1,Mitre 625
SALTO,M6,JI,903,Av. Alte. Brown y Tornatore S/N
SALTO,M7,PP,16,Av. Gowland 127
SALTO,M8,PP,5,Pje. Magnasco S/N
SALTO,M9,PP,14,Brasil e/ Ituzaingó
SALTO,M10,PP,3,Vieytes 105
SALTO,M11,MS,4,San Juan esq. H. Yrigoyen S/N
SALTO,M12,MS,2,Los Aromos e/ Los Álamos y Rebagliatti S/N
SALTO,M13,PP,2,Sarmiento 6
SALTO,M14,JI,901,Sarmiento 30
SALTO,M15,MS,6,Balcarce y Reconquista S/N
SALTO,M16,PP,27,Güemes y Piedras S/N
SALTO,M17,JI,905,Remedios de Escalada 625
SALTO,M18,JI,906,Alsina y Latrubesse S/N
SALTO,M19,JI,910,Av. Eva Perón y Chaco S/N
SALTO,M20,OTRO,,"Ricardo Rojas 345, Arrecifes"
SAN ANDRÉS DE GILES,M1,Sede,,Avellaneda 425
SAN ANDRÉS DE GILES,M2,Sede,,Avellaneda 425
SAN ANDRÉS DE GILES,M3,SC,1,Av. Scully y Camp. Maciel S/N
SAN ANDRÉS DE GILES,M4,MS,4,Av. Circ. Belgrano S/N
SAN ANDRÉS DE GILES,M5,TH,261,Rivadavia 148
SAN ANDRÉS DE GILES,M6,MS,3061,Ruta 41 N 242
SAN ANDRÉS DE GILES,M7,MS,7,Belgrano S/N
SAN ANDRÉS DE GILES,M8,MS,8,Calle 41 y Pellegrini
SAN ANDRÉS DE GILES,M9,MC,2,Av. Cámpora y Ruta 41 S/N
SAN ANDRÉS DE GILES,M10,IC,200,Belgrano 455
SAN ANTONIO DE ARECO,M1,Sede,,Mitre 301
SAN ANTONIO DE ARECO,M2,PP,13,Entre Ríos 649
SAN ANTONIO DE ARECO,M3,PP,4,Alvear e Italia 150
SAN ANTONIO DE ARECO,M4,MS,1,Guido y Alberdi S/N
SAN ANTONIO DE ARECO,M5,Sede,,Mitre 301
SAN FERNANDO,M1,Sede,,3 de Febrero 826
SAN FERNANDO,M2,PP,2,Av. del Libertador 263
SAN FERNANDO,M3,PP,3,Darragueira 2277
SAN FERNANDO,M4,PP,4,M. Rodríguez 2940
SAN FERNANDO,M5,MS,19,Cordero 4725
SAN FERNANDO,M6,PP,6,Av. Pte. Perón 1727
SAN FERNANDO,M7,PP,7,Chacabuco 3975
SAN FERNANDO,M8,PP,8,Junín 1412
SAN FERNANDO,M9,PP,9,Ing. White 1147
SAN FERNANDO,M10,PP,15,Gandolfo 5241
SAN FERNANDO,M11,PP,17,Pasteur 2810
SAN FERNANDO,M12,PP,21,Brandsen 2587
SAN FERNANDO,M13,PP,22,Brandsen 555
SAN FERNANDO,M14,PP,23,Guatemala 3061
SAN FERNANDO,M15,PP,27,Pasteur 2100
SAN FERNANDO,M16,PP,28,Ruta 202 Km 5 5564
SAN FERNANDO,M17,PP,32,Maipú 1691
SAN FERNANDO,M18,PP,33,Ferrante 119
SAN FERNANDO,M19,PP,35,Q. Costa 3353
SAN FERNANDO,M20,PP,36,Sgto. Díaz 1990
SAN FERNANDO,M21,PP,37,C. Casares 3805
SAN FERNANDO,M22,PP,38,Perdriel 2664
SAN FERNANDO,M23,PP,40,3 de Febrero 1810
SAN FERNANDO,M24,EE,501,3 de Febrero 1501
SAN FERNANDO,M25,EE,502,Sgto. Díaz 1325
SAN FERNANDO,M26,EE,503,Lavalle 650
SAN FERNANDO,M27,MS,1,Aranzazu 2800
SAN FERNANDO,M28,MS,2,Casares 3979
SAN FERNANDO,M29,MS,6,3 de Febrero 1810
SAN FERNANDO,M30,MS,8,Pasteur 2440
SAN FERNANDO,M31,MS,12,3 de Febrero 1059
SAN FERNANDO,M32,MS,16,Azcuénaga 1489
SAN FERNANDO,M33,MS,20,Maipú 5523
SAN FERNANDO,M34,MT,2,Ayacucho 937
SAN FERNANDO,M35,MT,3,Miguel Cané 4565
SAN FERNANDO,M36,JI,901,Av. del Libertador 550
SAN FERNANDO,M37,JI,907,Urquiza 2914
SAN FERNANDO,M38,JI,909,Casares 3991
SAN FERNANDO,M39,JI,910,Humaita 3991
SAN FERNANDO,M40,JI,928,Miguel Cané 4691
SAN FERNANDO,M41,JI,931,Junín 2290
SAN FERNANDO,M42,JI,933,Maipú 2409
SAN FERNANDO,M43,PP,20,Río Paraná Mini 20
SAN FERNANDO,M44,OTRO,,"Est. Fluvial Tigre Mitre 305, Tigre"
SAN FERNANDO,M45,Sede,,3 de Febrero 826
SAN ISIDRO,M1,Sede,,Alsina 380
SAN ISIDRO,M2,Sede,,Alsina 380
SAN ISIDRO,M3,MT,3,25 de Mayo 714
SAN ISIDRO,M4,MS,4,Bulnes 250
SAN ISIDRO,M5,PP,1,Rivadavia 349
SAN ISIDRO,M6,PP,6,Blanco Encalada 693
SAN ISIDRO,M7,PP,2,Don Bosco 210
SAN ISIDRO,M8,PP,8,Av. Santa Fe 1049
SAN ISIDRO,M9,JI,910,Gorriti 2872
SAN ISIDRO,M10,PP,31,Onelli 2468
SAN ISIDRO,M11,MS,11,El Resero 165
SAN ISIDRO,M12,PP,12,Av. de Mayo 1498
SAN ISIDRO,M13,MS,13,Martín y Omar 235
SAN ISIDRO,M14,PP,14,Edison 1596
SAN ISIDRO,M15,PP,33,Betbeder 1708
SAN ISIDRO,M16,MT,2,Patagonia 514
SAN ISIDRO,M17,PP,17,B. de Irigoyen 2100
SAN ISIDRO,M18,DF,403,Formosa 1050
SAN ISIDRO,M19,EE,501,Cuyo 38
SAN ISIDRO,M20,MS,20,Panamericana y Cno. Real Morón S/N
SAN ISIDRO,M21,PP,21,F. C. Rodríguez 820
SAN ISIDRO,M22,PP,22,Córdoba esq. Lima 1996
SAN ISIDRO,M23,PP,23,Pampa 1881
SAN ISIDRO,M24,EE,503,Neuquén 1115
SAN ISIDRO,M25,PP,13,Independencia 350
SAN ISIDRO,M26,PP,26,Magallanes 1015
SAN ISIDRO,M27,MS,1,Av. Rolón 1008
SAN ISIDRO,M28,SC,1,F. Pueyrredón 1350
SAN ISIDRO,M29,PP,30,P. Moreno 1980
SAN MIGUEL,M1,Sede,,Peluffo 1331
SAN MIGUEL,M2,Sede,,Peluffo 1331
SAN MIGUEL,M3,PP,3,Conesa (e/ Sarmiento y Vías)
SAN MIGUEL,M4,PP,2,Munzón 618
SAN MIGUEL,M5,MT,1,Gral. Farías 480
SAN MIGUEL,M6,PP,1,Av. Balbín 1254
SAN MIGUEL,M7,PP,6,Tucumán 815
SAN MIGUEL,M8,MS,25,Urquiza 1327
SAN MIGUEL,M9,MS,2,F. Bourel 555
SAN MIGUEL,M10,PP,13,Río Diamante 1671
SAN MIGUEL,M11,PP,8,Río Negro 556
SAN MIGUEL,M12,PP,14,Rosetti 419
SAN MIGUEL,M13,PP,15,Pringles 2650
SAN MIGUEL,M14,PP,18,Uriarte 251
SAN MIGUEL,M15,PP,38,Rosetti 3215
SAN MIGUEL,M16,MS,10,San José 2600
SAN MIGUEL,M17,JI,915,Salerno 3202
SAN MIGUEL,M18,PP,26,Zalazar y Santillán S/N
SAN MIGUEL,M19,PP,30,Conesa 4371
SAN MIGUEL,M20,MS,32,Callao y Marchena S/N
SAN MIGUEL,M21,PP,33,Rodríguez Peña 4800
SAN MIGUEL,M22,PP,34,Santa Clara 1195
SAN MIGUEL,M23,PP,24,Saint Exupéry 2741
SAN MIGUEL,M24,MS,7,Argüero 1138
SAN MIGUEL,M25,PP,39,Durán 300
SAN MIGUEL,M26,MT,2,P. Rivera 3736
SAN MIGUEL,M27,DF,401,Santa Ana 2005
SAN MIGUEL,M28,MS,21,Las Tres Marías 1953
SAN MIGUEL,M29,PP,21,Isabel La Católica 3715
SAN MIGUEL,M30,MS,4,Roca 1438
SAN MIGUEL,M31,PP,4,Av. Primera Junta 1108
SAN MIGUEL,M32,PP,5,Belgrano 1755
SAN MIGUEL,M33,MS,1,Av. R. López 2551
SAN MIGUEL DEL MONTE,M1,Sede,,Blandengues 488
SAN MIGUEL DEL MONTE,M2,Sede,,Blandengues 488
SAN MIGUEL DEL MONTE,M3,SC,1,Río Paraná S/N
SAN NICOLÁS,M1,Sede,,Alte. Brown 86
SAN NICOLÁS,M2,Sede,,Alte. Brown 86
SAN NICOLÁS,M3,MS,1,Blvd. Iturburu y Las Heras S/N
SAN NICOLÁS,M4,MS,10,Av. Central 1825
SAN NICOLÁS,M5,PP,34,Congreso y Del Pozo 1353
SAN NICOLÁS,M6,PP,4,Av. Falcón 347
SAN NICOLÁS,M7,MS,3,De la Nación 186
SAN NICOLÁS,M8,MS,9,Guardias Nacionales 79
SAN NICOLÁS,M9,MT,2,Av. M. Moreno 74
SAN NICOLÁS,M10,PP,31,Urquiza 529
SAN NICOLÁS,M11,PP,46,Beethoven 1742
SAN NICOLÁS,M12,PP,10,Blvd. Álvarez 371
SAN NICOLÁS,M13,MS,8,Q. Córdova 117
SAN NICOLÁS,M14,PP,29,Roca 1187
SAN NICOLÁS,M15,PP,44,Petreca 129
SAN NICOLÁS,M16,AA,1,Alem 230
SAN NICOLÁS,M17,MS,12,Pza. 23 de Noviembre S/N
SAN NICOLÁS,M18,MT,1,Belgrano esq. Buenos Aires 480
SAN PEDRO,M1,Sede,,Pellegrini 2020
SAN PEDRO,M2,Sede,,Pellegrini 2020
SAN PEDRO,M3,MS,4,Bottaro 995
SAN PEDRO,M4,EE,501,Ansaloni 845
SAN PEDRO,M5,PP,6,Uruguay 1002
SAN PEDRO,M6,MS,7,Mitre 1845
SAN PEDRO,M7,PP,27,"Laprida, Cuartel III 2490"
SAN PEDRO,M8,PP,12,Camelino y Güemes 12
SAN PEDRO,M9,PP,35,Córdoba 341
SAN PEDRO,M10,MS,1,Belgrano 535
SAN VICENTE,M1,Sede,,Sarmiento 205
SAN VICENTE,M2,MA,1,Larrea 1651
SAN VICENTE,M3,PP,30,San Luis e/ Rivadavia y Saavedra S/N
SAN VICENTE,M4,MT,2,Quintana 154
SAN VICENTE,M5,MT,2,Quintana 154
SAN VICENTE,M6,PP,1,San Martín 101
SAN VICENTE,M7,MS,2,Av. 25 de Mayo 379
SAN VICENTE,M8,MS,2,Av. 25 de Mayo 379
SAN VICENTE,M9,PP,29,Directorio e Illia S/N
SAN VICENTE,M10,MS,12,España 115
SAN VICENTE,M11,PP,22,Santa Fe 117
SAN VICENTE,M12,PP,16,Av. Pte. Perón y Guerrieri 33
SAN VICENTE,M13,MS,8,Isabel La Católica 792
SAN VICENTE,M14,MS,7,Lorenzini 1050
SAN VICENTE,M15,JI,915,Laprida y Ruta 210 S/N
SAN VICENTE,M16,PP,12,Esmeralda 105
SAN VICENTE,M17,MS,5,Libertad 283
SAN VICENTE,M18,PP,9,Urquiza 164
SAN VICENTE,M19,MS,4,Mitre 400
SAN VICENTE,M20,PP,28,Mitre 400
SAN VICENTE,M21,PP,25,Bonpland 462
SAN VICENTE,M22,PP,27,Buenos Aires 1310
SAN VICENTE,M23,PP,15,Arcuri e/ Vidal y Palacios 102
SAN VICENTE,M24,MS,14,La Pampa e/ Gob. Costa y Tosso S/N
SAN VICENTE,M25,PP,23,Ascasubi 218
SAN VICENTE,M26,MS,6,Sgto. Cabral y Antártida Argentina S/N
SAN VICENTE,M27,PP,4,Belgrano 32
SAN VICENTE,M28,Sede,,Sarmiento 205
SUIPACHA,M1,Sede,,Balcarce 771
SUIPACHA,M2,Sede,,Balcarce 771
SUIPACHA,M3,PP,1,Sarmiento 601
SUIPACHA,M4,JI,901,9 de Julio 681
SUIPACHA,M5,PP,6,Salta 204
SUIPACHA,M6,PP,8,Madre L. Maturana 670
TANDIL,M1,Sede,,San Martín 1191
TANDIL,M2,Sede,,San Martín 1191
TANDIL,M3,PP,68,Santamarina 851
TANDIL,M4,MT,2,Alem 285
TANDIL,M5,MS,4,Colectora Macaya 2094
TANDIL,M6,MS,2,Urquiza 250
TANDIL,M7,MT,5,Av. Pte. Perón 937
TANDIL,M8,MS,1,Fugl 601
TANDIL,M9,MA,1,"Ruta Prov. 30 Km 122,5 S/N"
TANDIL,M10,MS,5,Sarmiento esq. San Martín S/N
TANDIL,M11,AA,4,Suipacha 374
TANDIL,M12,PP,36,Alighieri 590
TANDIL,M13,PP,37,11 de Septiembre 1461
TANDIL,M14,MS,7,Sáenz Peña 2154
TANDIL,M15,PP,32,Palacios 1597
TAPALQUÉ,M1,Sede,,9 de Julio 620
TAPALQUÉ,M2,PP,1,San Martín 73
TAPALQUÉ,M3,PP,2,Brane 175
TAPALQUÉ,M4,PP,6,Cuartel IV S/N
TAPALQUÉ,M5,PP,8,Difonzo y Pza. Malvinas Argentinas S/N
TAPALQUÉ,M6,MS,2,Rivadavia 175
TAPALQUÉ,M7,Sede,,9 de Julio 620
TIGRE,M1,Sede,,"Santa Fe 1028, Gral. Pacheco"
TIGRE,M2,Sede,,"Santa Fe 1028, Gral. Pacheco"
TIGRE,M3,PP,20,Santa Fe 701
TIGRE,M4,PP,14,Bomberos Voluntarios 480
TIGRE,M5,MS,2,Jujuy 280
TIGRE,M6,PP,36,Pueyrredón 151
TIGRE,M7,PP,7,Padre Nuestro y Talan Talan
TIGRE,M8,MS,1,Las Heras esq. Pasteur S/N
TIGRE,M9,MT,1,Kennedy y Defensa
TIGRE,M10,PP,48,Independencia 161
TIGRE,M11,PP,35,11 de Febrero 1780
TIGRE,M12,PP,28,Laprida y Belgrano
TIGRE,M13,PP,32,Ozanam esq. El Cano
TIGRE,M14,DE,714,Avellaneda 2510
TIGRE,M15,MT,2,Tejedor y Ricchieri S/N
TIGRE,M16,MS,46,Av. Constituyentes 3001
TIGRE,M17,PP,53,San Isidro 742
TIGRE,M18,MS,32,Gorriti 928
TIGRE,M19,PP,52,Sta. Teresita y San Francisco S/N
TIGRE,M20,PP,56,Brasil 2773
TIGRE,M21,MS,21,Jujuy e/ San Martín y Moreno
TIGRE,M22,MT,3,Av. Marabotto y Av. Benavídez S/N
TIGRE,M23,PP,21,A. García y Paiva
TIGRE,M24,MS,16,9 de Julio e/ Jujuy y Salta
TIGRE,M25,MS,7,Isleños e/ Castiglioni e Irala
TIGRE,M26,MS,9,Liniers 1024
TIGRE,M27,PP,2,Liniers 1580
TIGRE,M28,PP,34,Alvear 1430
TIGRE,M29,PP,39,Italia 583
TIGRE,M30,PP,1,Av. Rocha e/ Paso y Castelli
TIGRE,M31,OTRO,,Estación Fluvial Lavalle 420
TIGRE,M32,PP,31,Lavalle e/ Necochea y San Martín
TIGRE,M33,PP,4,Independencia y Volta
TIGRE,M34,MT,4,Triunvirato 2653
TIGRE,M35,MS,11,Ricchieri 2001
TIGRE,M36,PP,24,Francia 1545
TIGRE,M37,PP,42,Av. del Golf y Sussini
TIGRE,M38,PP,22,Obarrio 1135
TIGRE,M39,PP,30,El Salvador 805
TIGRE,M40,PP,46,Pje. San Pablo 2467
TORNQUIST,M1,Sede,,Tornquist 280
TORNQUIST,M2,MS,5,Av. Cruz del Sur y Hornero S/N
TORNQUIST,M3,MS,2,D. Meyer S/N
TORNQUIST,M4,EE,502,Pavón 455
TORNQUIST,M5,Sede,,Tornquist 280
TRENQUE LAUQUEN,M1,Sede,,Dorrego 23
TRENQUE LAUQUEN,M2,Sede,,Dorrego 23
TRENQUE LAUQUEN,M3,MT,1,C. Granada 1153
TRENQUE LAUQUEN,M4,MS,7,Estrada 195
TRENQUE LAUQUEN,M5,OTRO,,"Belgrano 623, Gral. Villegas"
TRES ARROYOS,M1,Sede,,Las Heras 293
TRES ARROYOS,M2,Sede,,Las Heras 293
TRES ARROYOS,M3,MS,8,Av. San Martín 39
TRES ARROYOS,M4,PP,34,Calle 48 y 39 S/N
TRES LOMAS,M1,Sede,,9 de Julio 598
TRES LOMAS,M2,MT,1,Moreno 153
TRES LOMAS,M3,PP,2,9 de Julio y Dean Funes S/N
TRES LOMAS,M4,PA,1,Sarmiento e/ Rivadavia y Libertad S/N
TRES LOMAS,M5,JI,903,"A. Rodríguez S/N, B San Cayetano"
TRES LOMAS,M6,PP,1,Roca 88
TRES LOMAS,M7,Sede,,9 de Julio 598
VICENTE LÓPEZ,M1,Sede,,Av. Maipú 1941
VICENTE LÓPEZ,M2,PP,2,Pelliza 1390
VICENTE LÓPEZ,M3,MS,3,Drysdale 5635
VICENTE LÓPEZ,M4,PP,4,Av. Mitre 4190
VICENTE LÓPEZ,M5,PP,5,Av. San Martín 3443
VICENTE LÓPEZ,M6,MS,6,A. Álvarez 1431
VICENTE LÓPEZ,M7,MS,7,Arenales 1945
VICENTE LÓPEZ,M8,PP,8,Av. Maipú 1527
VICENTE LÓPEZ,M9,MT,4,Av. San Martín 4650
VICENTE LÓPEZ,M10,PP,10,Alem 2442
VICENTE LÓPEZ,M11,PP,1,Corrientes 1441
VICENTE LÓPEZ,M12,PP,12,Haedo 2180
VICENTE LÓPEZ,M13,MS,2,Int. Depratti 3990
VICENTE LÓPEZ,M14,PP,14,Roca 3990
VICENTE LÓPEZ,M15,PP,15,Avellaneda 3510
VICENTE LÓPEZ,M16,MT,1,Cerrito 3966
VICENTE LÓPEZ,M17,MS,12,"Malaver 4416, Munro"
VICENTE LÓPEZ,M18,EE,503,Marconi 3630
VICENTE LÓPEZ,M19,MS,5,Sgto. Cabral 2728
VICENTE LÓPEZ,M20,MS,10,Marconi 3035
VICENTE LÓPEZ,M21,MS,8,Beiró 1220
VILLA GESELL,M1,Sede,,Calle 107 y Av. 4
VILLA GESELL,M2,Sede,,Calle 107 y Av. 4
VILLA GESELL,M3,PP,6,Av. 22 e/ 105 Cortada y Paseo 105 Bis N 505
VILLA GESELL,M4,PP,5,Av. 32 y San Clemente del Tuyú S/N
VILLA GESELL,M5,PP,7,Av. 12 e/ Paseo 128 y 129 N 2855
VILLA GESELL,M6,MS,5,Av. 4 e/ 104 y 105 N 446
VILLA GESELL,M7,MS,1,Paseo 133 y Av. 8 S/N
VILLA GESELL,M8,PP,4,Paseo 119 y Av. 30 S/N
VILLARINO,M1,Sede,,"Mitre 417, Médanos"
VILLARINO,M2,PP,5,Alberdi 428
VILLARINO,M3,MS,3,Las Heras 80
VILLARINO,M4,MS,6,S. Murphy 646
VILLARINO,M5,MS,2,Sarmiento S/N
VILLARINO,M6,MA,1,San Martín 641
VILLARINO,M7,MS,1,Calle 5 N 1517
VILLARINO,M8,MS,10,Calle 7 e/ 30 y 32 N 1436
VILLARINO,M9,Sede,,"Mitre 417, Médanos"
ZÁRATE,M1,Sede,,25 de Mayo
ZÁRATE,M2,Sede,,25 de Mayo
ZÁRATE,M3,MS,4,T. Fels 880
ZÁRATE,M4,MT,1,Av. Anta 666
ZÁRATE,M5,MS,20,Pellegrini 2000
ZÁRATE,M6,PP,36,Calle 50 N 521
ZÁRATE,M7,PP,23,Urquiza 1302
ZÁRATE,M8,PP,9,Av. 11 N 256
